{
  "project_name": "Simple Flask Web App",
  "project_description": "A basic Flask application with home, about, and contact pages, demonstrating core Flask features like routing, templating, and form handling.",
  "verification_timestamp": "2025-10-28 17:02:15",
  "total_tasks": 4,
  "tasks": [
    {
      "task_id": 1,
      "task_name": "Project Setup and Basic App Structure",
      "task_description": "Set up your Flask project with the basic file structure, including `app.py`, `templates` folder, `static` folder, and `requirements.txt`. Create a simple Flask application instance in `app.py` and define a basic root route ('/') that renders a placeholder response or template.",
      "analysis_timestamp": "2025-10-28 17:02:15",
      "configuration_analysis": {
        "required_files": [
          "app.py",
          "templates/",
          "static/",
          "requirements.txt"
        ],
        "validation_rules": {
          "type": "html",
          "points": 10,
          "checks": [
            "app.py exists",
            "templates/ directory exists",
            "static/ directory exists",
            "requirements.txt exists"
          ]
        },
        "playwright_test": {
          "route": "/",
          "actions": [],
          "validate": [
            {
              "type": "status_code",
              "value": "200"
            }
          ],
          "points": 5
        },
        "unlock_condition": {
          "min_score": 0,
          "required_tasks": []
        },
        "completeness_score": 70,
        "issues": [
          "Validation file not specified"
        ],
        "recommendations": [
          "Consider adding UI actions for better testing"
        ]
      },
      "test_status": "FAIL",
      "test_message": "Test: 0/1 passed",
      "test_details": {
        "status": "completed",
        "results": [
          {
            "name": "Task 1",
            "status": "FAIL",
            "duration": 4.4185192584991455,
            "error": null,
            "screenshot": "reference_task_1_1761651140317.png"
          }
        ],
        "screenshots": [
          "reference_task_1_1761651140317.png"
        ],
        "logs": [
          "[2025-10-28T11:32:16.252262Z] [INFO] Playwright initialized successfully",
          "[2025-10-28T11:32:16.467179Z] [INFO] Browser launched successfully",
          "[2025-10-28T11:32:20.717743Z] [INFO] Results saved to: Logs\\simple_flask_web_app\\creator_simple_flask_web_app_task_1\\test_results_20251028_170220.json"
        ],
        "total_tests": 1,
        "passed_tests": 0,
        "failed_tests": 1,
        "execution_time": 5.515042066574097
      },
      "screenshot_captured": true,
      "screenshot_path": "reference_task_1_1761651140317.png",
      "validation_results": [
        {
          "name": "Task 1",
          "status": "FAIL",
          "duration": 4.4185192584991455,
          "error": null,
          "screenshot": "reference_task_1_1761651140317.png"
        }
      ],
      "playwright_logs": [
        "[2025-10-28T11:32:16.252262Z] [INFO] Playwright initialized successfully",
        "[2025-10-28T11:32:16.467179Z] [INFO] Browser launched successfully",
        "[2025-10-28T11:32:20.717743Z] [INFO] Results saved to: Logs\\simple_flask_web_app\\creator_simple_flask_web_app_task_1\\test_results_20251028_170220.json"
      ],
      "errors": []
    },
    {
      "task_id": 2,
      "task_name": "Base Layout and Home Page",
      "task_description": "Create the `base.html` template to define the common layout, including a Bootstrap-powered navigation bar, flash message area, and footer. Then, create the `index.html` template that extends `base.html` and displays a welcome message, setting up the main entry point of your web application.",
      "analysis_timestamp": "2025-10-28 17:02:20",
      "configuration_analysis": {
        "required_files": [
          "app.py",
          "templates/base.html",
          "templates/index.html"
        ],
        "validation_rules": {
          "type": "html",
          "file": "templates/base.html",
          "mustHaveElements": [
            "nav",
            "footer",
            "div.container",
            "link[href*='bootstrap.min.css']",
            "script[src*='bootstrap.bundle.min.js']"
          ],
          "mustHaveContent": [
            "Simple Flask App",
            "Home",
            "About",
            "Contact",
            "&copy; 2024 Simple Flask App"
          ],
          "points": 10
        },
        "playwright_test": {
          "route": "/",
          "actions": [],
          "validate": [
            {
              "type": "status_code",
              "value": "200"
            },
            {
              "type": "text_present",
              "value": "Simple Flask App"
            },
            {
              "type": "text_present",
              "value": "Home"
            }
          ],
          "points": 10
        },
        "unlock_condition": {
          "min_score": 6,
          "required_tasks": [
            1
          ]
        },
        "completeness_score": 90,
        "issues": [],
        "recommendations": [
          "Consider adding UI actions for better testing"
        ]
      },
      "test_status": "FAIL",
      "test_message": "Test: 0/1 passed",
      "test_details": {
        "status": "completed",
        "results": [
          {
            "name": "Task 2",
            "status": "FAIL",
            "duration": 0.4963514804840088,
            "error": null,
            "screenshot": "reference_task_2_1761651140847.png"
          }
        ],
        "screenshots": [
          "reference_task_2_1761651140847.png"
        ],
        "logs": [
          "[2025-10-28T11:32:16.252262Z] [INFO] Playwright initialized successfully",
          "[2025-10-28T11:32:16.467179Z] [INFO] Browser launched successfully",
          "[2025-10-28T11:32:20.717743Z] [INFO] Results saved to: Logs\\simple_flask_web_app\\creator_simple_flask_web_app_task_1\\test_results_20251028_170220.json",
          "[2025-10-28T11:32:21.269011Z] [INFO] Results saved to: Logs\\simple_flask_web_app\\creator_simple_flask_web_app_task_2\\test_results_20251028_170221.json"
        ],
        "total_tests": 1,
        "passed_tests": 0,
        "failed_tests": 1,
        "execution_time": 0.5450372695922852
      },
      "screenshot_captured": true,
      "screenshot_path": "reference_task_2_1761651140847.png",
      "validation_results": [
        {
          "name": "Task 2",
          "status": "FAIL",
          "duration": 0.4963514804840088,
          "error": null,
          "screenshot": "reference_task_2_1761651140847.png"
        }
      ],
      "playwright_logs": [
        "[2025-10-28T11:32:16.252262Z] [INFO] Playwright initialized successfully",
        "[2025-10-28T11:32:16.467179Z] [INFO] Browser launched successfully",
        "[2025-10-28T11:32:20.717743Z] [INFO] Results saved to: Logs\\simple_flask_web_app\\creator_simple_flask_web_app_task_1\\test_results_20251028_170220.json",
        "[2025-10-28T11:32:21.269011Z] [INFO] Results saved to: Logs\\simple_flask_web_app\\creator_simple_flask_web_app_task_2\\test_results_20251028_170221.json"
      ],
      "errors": []
    },
    {
      "task_id": 3,
      "task_name": "About Page",
      "task_description": "Develop the 'About' page (`about.html`) that extends `base.html`. This page should provide information about the project, including technologies used and features, creating a dedicated section for project details as outlined in the provided HTML sample.",
      "analysis_timestamp": "2025-10-28 17:02:21",
      "configuration_analysis": {
        "required_files": [
          "app.py",
          "templates/about.html"
        ],
        "validation_rules": {
          "type": "html",
          "file": "templates/about.html",
          "mustHaveElements": [
            "h1",
            "h3",
            "ul",
            "div.card"
          ],
          "mustHaveContent": [
            "{% extends \"base.html\" %}",
            "About This Project",
            "Technologies Used",
            "Features",
            "Version:",
            "Created:"
          ],
          "points": 10
        },
        "playwright_test": {
          "route": "/about",
          "actions": [],
          "validate": [
            {
              "type": "status_code",
              "value": "200"
            },
            {
              "type": "text_present",
              "value": "About - Simple Flask App"
            },
            {
              "type": "text_present",
              "value": "About This Project"
            },
            {
              "type": "text_present",
              "value": "Flask - Python web framework"
            }
          ],
          "points": 10
        },
        "unlock_condition": {
          "min_score": 10,
          "required_tasks": [
            1,
            2
          ]
        },
        "completeness_score": 90,
        "issues": [],
        "recommendations": [
          "Consider adding UI actions for better testing"
        ]
      },
      "test_status": "FAIL",
      "test_message": "Test: 0/1 passed",
      "test_details": {
        "status": "completed",
        "results": [
          {
            "name": "Task 3",
            "status": "FAIL",
            "duration": 0.5337395668029785,
            "error": null,
            "screenshot": "reference_task_3_1761651141461.png"
          }
        ],
        "screenshots": [
          "reference_task_3_1761651141461.png"
        ],
        "logs": [
          "[2025-10-28T11:32:16.252262Z] [INFO] Playwright initialized successfully",
          "[2025-10-28T11:32:16.467179Z] [INFO] Browser launched successfully",
          "[2025-10-28T11:32:20.717743Z] [INFO] Results saved to: Logs\\simple_flask_web_app\\creator_simple_flask_web_app_task_1\\test_results_20251028_170220.json",
          "[2025-10-28T11:32:21.269011Z] [INFO] Results saved to: Logs\\simple_flask_web_app\\creator_simple_flask_web_app_task_2\\test_results_20251028_170221.json",
          "[2025-10-28T11:32:21.861968Z] [INFO] Results saved to: Logs\\simple_flask_web_app\\creator_simple_flask_web_app_task_3\\test_results_20251028_170221.json"
        ],
        "total_tests": 1,
        "passed_tests": 0,
        "failed_tests": 1,
        "execution_time": 0.5860567092895508
      },
      "screenshot_captured": true,
      "screenshot_path": "reference_task_3_1761651141461.png",
      "validation_results": [
        {
          "name": "Task 3",
          "status": "FAIL",
          "duration": 0.5337395668029785,
          "error": null,
          "screenshot": "reference_task_3_1761651141461.png"
        }
      ],
      "playwright_logs": [
        "[2025-10-28T11:32:16.252262Z] [INFO] Playwright initialized successfully",
        "[2025-10-28T11:32:16.467179Z] [INFO] Browser launched successfully",
        "[2025-10-28T11:32:20.717743Z] [INFO] Results saved to: Logs\\simple_flask_web_app\\creator_simple_flask_web_app_task_1\\test_results_20251028_170220.json",
        "[2025-10-28T11:32:21.269011Z] [INFO] Results saved to: Logs\\simple_flask_web_app\\creator_simple_flask_web_app_task_2\\test_results_20251028_170221.json",
        "[2025-10-28T11:32:21.861968Z] [INFO] Results saved to: Logs\\simple_flask_web_app\\creator_simple_flask_web_app_task_3\\test_results_20251028_170221.json"
      ],
      "errors": []
    },
    {
      "task_id": 4,
      "task_name": "Contact Page with Form Handling",
      "task_description": "Build the 'Contact Us' page (`contact.html`) with a form that includes 'Name', 'Email', and 'Message' fields. Implement the corresponding Flask route in `app.py` to handle both GET (display form) and POST (process form submission) requests. On successful submission, display a flash message like 'Thank you for your message!' and on failure (e.g., missing fields), display an error message using Flask's flash messaging system.",
      "analysis_timestamp": "2025-10-28 17:02:21",
      "configuration_analysis": {
        "required_files": [
          "app.py",
          "templates/contact.html"
        ],
        "validation_rules": {
          "type": "html",
          "file": "templates/contact.html",
          "mustHaveElements": [
            "form[method='POST']",
            "input[name='name']",
            "input[name='email']",
            "textarea[name='message']",
            "button[type='submit']"
          ],
          "mustHaveContent": [
            "{% extends \"base.html\" %}",
            "Contact Us",
            "Name",
            "Email",
            "Message",
            "Send Message"
          ],
          "points": 15
        },
        "playwright_test": {
          "route": "/contact",
          "actions": [
            {
              "selector_type": "name",
              "selector_value": "name",
              "input_variants": [
                "Test User"
              ]
            },
            {
              "selector_type": "name",
              "selector_value": "email",
              "input_variants": [
                "test@example.com"
              ]
            },
            {
              "selector_type": "name",
              "selector_value": "message",
              "input_variants": [
                "Hello",
                "this is a test message."
              ]
            },
            {
              "selector_type": "type",
              "selector_value": "submit",
              "click": true
            },
            {
              "selector_type": "name",
              "selector_value": "name",
              "input_variants": [
                ""
              ]
            },
            {
              "selector_type": "name",
              "selector_value": "email",
              "input_variants": [
                "invalid-email"
              ]
            },
            {
              "selector_type": "name",
              "selector_value": "message",
              "input_variants": [
                ""
              ]
            },
            {
              "selector_type": "type",
              "selector_value": "submit",
              "click": true
            }
          ],
          "validate": [
            {
              "type": "status_code",
              "value": "200"
            },
            {
              "type": "text_present",
              "value": "Thank you for your message!"
            },
            {
              "type": "text_present",
              "value": "Name is required."
            },
            {
              "type": "text_present",
              "value": "Email is required."
            },
            {
              "type": "text_present",
              "value": "Message is required."
            }
          ],
          "points": 20
        },
        "unlock_condition": {
          "min_score": 17,
          "required_tasks": [
            1,
            2,
            3
          ]
        },
        "completeness_score": 100,
        "issues": [],
        "recommendations": []
      },
      "test_status": "FAIL",
      "test_message": "Test: 0/1 passed",
      "test_details": {
        "status": "completed",
        "results": [
          {
            "name": "Task 4",
            "status": "FAIL",
            "duration": 63.6413209438324,
            "error": null,
            "screenshot": "reference_task_4_1761651142003.png"
          }
        ],
        "screenshots": [
          "reference_task_4_1761651142003.png"
        ],
        "logs": [
          "[2025-10-28T11:32:16.252262Z] [INFO] Playwright initialized successfully",
          "[2025-10-28T11:32:16.467179Z] [INFO] Browser launched successfully",
          "[2025-10-28T11:32:20.717743Z] [INFO] Results saved to: Logs\\simple_flask_web_app\\creator_simple_flask_web_app_task_1\\test_results_20251028_170220.json",
          "[2025-10-28T11:32:21.269011Z] [INFO] Results saved to: Logs\\simple_flask_web_app\\creator_simple_flask_web_app_task_2\\test_results_20251028_170221.json",
          "[2025-10-28T11:32:21.861968Z] [INFO] Results saved to: Logs\\simple_flask_web_app\\creator_simple_flask_web_app_task_3\\test_results_20251028_170221.json",
          "[2025-10-28T11:33:25.553897Z] [INFO] Results saved to: Logs\\simple_flask_web_app\\creator_simple_flask_web_app_task_4\\test_results_20251028_170325.json"
        ],
        "total_tests": 1,
        "passed_tests": 0,
        "failed_tests": 1,
        "execution_time": 63.676846742630005
      },
      "screenshot_captured": true,
      "screenshot_path": "reference_task_4_1761651142003.png",
      "validation_results": [
        {
          "name": "Task 4",
          "status": "FAIL",
          "duration": 63.6413209438324,
          "error": null,
          "screenshot": "reference_task_4_1761651142003.png"
        }
      ],
      "playwright_logs": [
        "[2025-10-28T11:32:16.252262Z] [INFO] Playwright initialized successfully",
        "[2025-10-28T11:32:16.467179Z] [INFO] Browser launched successfully",
        "[2025-10-28T11:32:20.717743Z] [INFO] Results saved to: Logs\\simple_flask_web_app\\creator_simple_flask_web_app_task_1\\test_results_20251028_170220.json",
        "[2025-10-28T11:32:21.269011Z] [INFO] Results saved to: Logs\\simple_flask_web_app\\creator_simple_flask_web_app_task_2\\test_results_20251028_170221.json",
        "[2025-10-28T11:32:21.861968Z] [INFO] Results saved to: Logs\\simple_flask_web_app\\creator_simple_flask_web_app_task_3\\test_results_20251028_170221.json",
        "[2025-10-28T11:33:25.553897Z] [INFO] Results saved to: Logs\\simple_flask_web_app\\creator_simple_flask_web_app_task_4\\test_results_20251028_170325.json"
      ],
      "errors": []
    }
  ],
  "summary": {
    "total_tests": 4,
    "passed_tests": 0,
    "failed_tests": 4,
    "screenshots_captured": 4,
    "errors": [
      "Task 1: Test: 0/1 passed",
      "Task 2: Test: 0/1 passed",
      "Task 3: Test: 0/1 passed",
      "Task 4: Test: 0/1 passed"
    ]
  }
}