{
  "project_name": "Simple Flask Web App",
  "project_description": "A basic Flask application with home, about, and contact pages demonstrating fundamental Flask and Jinja2 usage.",
  "verification_timestamp": "2025-10-24 10:40:23",
  "total_tasks": 4,
  "tasks": [
    {
      "task_id": 1,
      "task_name": "Project Setup and Initial Run",
      "task_description": "Set up your Flask project with the basic file structure, including the main application file (app.py), dedicated folders for templates and static assets, and a requirements.txt file for project dependencies.",
      "analysis_timestamp": "2025-10-24 10:40:23",
      "configuration_analysis": {
        "required_files": [
          "app.py",
          "templates/",
          "static/",
          "requirements.txt"
        ],
        "validation_rules": {
          "type": "html",
          "points": 10,
          "checks": [
            "app.py exists",
            "templates folder exists",
            "static folder exists",
            "requirements.txt exists"
          ]
        },
        "playwright_test": {
          "route": "/",
          "actions": [],
          "validate": [
            {
              "type": "status_code",
              "value": "200"
            }
          ],
          "points": 5
        },
        "unlock_condition": {
          "min_score": 0,
          "required_tasks": []
        },
        "completeness_score": 70,
        "issues": [
          "Validation file not specified"
        ],
        "recommendations": [
          "Consider adding UI actions for better testing"
        ]
      },
      "test_status": "FAIL",
      "test_message": "Comprehensive test: 0/1 passed",
      "test_details": {
        "status": "completed",
        "results": [
          {
            "name": "Task 1",
            "status": "FAIL",
            "duration": 5.297384023666382,
            "error": null,
            "screenshot": "reference_task_1.png"
          }
        ],
        "screenshots": [
          "reference_task_1.png"
        ],
        "logs": [
          "[2025-10-24T05:10:24.571186Z] [INFO] Playwright initialized successfully",
          "[2025-10-24T05:10:26.018573Z] [INFO] Browser launched successfully",
          "[2025-10-24T05:10:29.875590Z] [INFO] Results saved to: C:\\Users\\lvg\\CODES\\Project-Validator\\Flask-app-validator\\playwright_backend\\results\\comprehensive_task_1\\test_results_20251024_104029.json"
        ],
        "total_tests": 1,
        "passed_tests": 0,
        "failed_tests": 1,
        "execution_time": 6.152183532714844
      },
      "screenshot_captured": true,
      "screenshot_path": "reference_task_1.png",
      "validation_results": [
        {
          "name": "Task 1",
          "status": "FAIL",
          "duration": 5.297384023666382,
          "error": null,
          "screenshot": "reference_task_1.png"
        }
      ],
      "playwright_logs": [
        "[2025-10-24T05:10:24.571186Z] [INFO] Playwright initialized successfully",
        "[2025-10-24T05:10:26.018573Z] [INFO] Browser launched successfully",
        "[2025-10-24T05:10:29.875590Z] [INFO] Results saved to: C:\\Users\\lvg\\CODES\\Project-Validator\\Flask-app-validator\\playwright_backend\\results\\comprehensive_task_1\\test_results_20251024_104029.json"
      ],
      "errors": []
    },
    {
      "task_id": 2,
      "task_name": "Base Template and Home Page",
      "task_description": "Create a `base.html` template that includes Bootstrap CSS, a consistent navigation bar with links for Home, About, and Contact, and a Jinja2 `content` block. Then, create an `index.html` page that extends `base.html` and displays a simple welcome message for the home page.",
      "analysis_timestamp": "2025-10-24 10:40:29",
      "configuration_analysis": {
        "required_files": [
          "templates/base.html",
          "templates/index.html",
          "app.py"
        ],
        "validation_rules": {
          "type": "html",
          "file": "templates/base.html",
          "mustHaveElements": [
            "nav",
            "a.navbar-brand",
            "a.nav-link",
            "div.container",
            "title",
            "body > script"
          ],
          "mustHaveContent": [
            "{% block title %}",
            "{% block content %}",
            "Home",
            "About",
            "Contact"
          ],
          "points": 10
        },
        "playwright_test": {
          "route": "/",
          "actions": [],
          "validate": [
            {
              "type": "text_present",
              "value": "Simple Flask App"
            },
            {
              "type": "text_present",
              "value": "Home"
            },
            {
              "type": "text_present",
              "value": "About"
            },
            {
              "type": "text_present",
              "value": "Contact"
            },
            {
              "type": "status_code",
              "value": "200"
            }
          ],
          "points": 10
        },
        "unlock_condition": {
          "min_score": 6,
          "required_tasks": [
            1
          ]
        },
        "completeness_score": 90,
        "issues": [],
        "recommendations": [
          "Consider adding UI actions for better testing"
        ]
      },
      "test_status": "FAIL",
      "test_message": "Comprehensive test: 0/1 passed",
      "test_details": {
        "status": "completed",
        "results": [
          {
            "name": "Task 2",
            "status": "FAIL",
            "duration": 0.41291046142578125,
            "error": null,
            "screenshot": "reference_task_2.png"
          }
        ],
        "screenshots": [
          "reference_task_2.png"
        ],
        "logs": [
          "[2025-10-24T05:10:24.571186Z] [INFO] Playwright initialized successfully",
          "[2025-10-24T05:10:26.018573Z] [INFO] Browser launched successfully",
          "[2025-10-24T05:10:29.875590Z] [INFO] Results saved to: C:\\Users\\lvg\\CODES\\Project-Validator\\Flask-app-validator\\playwright_backend\\results\\comprehensive_task_1\\test_results_20251024_104029.json",
          "[2025-10-24T05:10:30.299798Z] [INFO] Results saved to: C:\\Users\\lvg\\CODES\\Project-Validator\\Flask-app-validator\\playwright_backend\\results\\comprehensive_task_2\\test_results_20251024_104030.json"
        ],
        "total_tests": 1,
        "passed_tests": 0,
        "failed_tests": 1,
        "execution_time": 0.41806817054748535
      },
      "screenshot_captured": true,
      "screenshot_path": "reference_task_2.png",
      "validation_results": [
        {
          "name": "Task 2",
          "status": "FAIL",
          "duration": 0.41291046142578125,
          "error": null,
          "screenshot": "reference_task_2.png"
        }
      ],
      "playwright_logs": [
        "[2025-10-24T05:10:24.571186Z] [INFO] Playwright initialized successfully",
        "[2025-10-24T05:10:26.018573Z] [INFO] Browser launched successfully",
        "[2025-10-24T05:10:29.875590Z] [INFO] Results saved to: C:\\Users\\lvg\\CODES\\Project-Validator\\Flask-app-validator\\playwright_backend\\results\\comprehensive_task_1\\test_results_20251024_104029.json",
        "[2025-10-24T05:10:30.299798Z] [INFO] Results saved to: C:\\Users\\lvg\\CODES\\Project-Validator\\Flask-app-validator\\playwright_backend\\results\\comprehensive_task_2\\test_results_20251024_104030.json"
      ],
      "errors": []
    },
    {
      "task_id": 3,
      "task_name": "About Page Implementation",
      "task_description": "Build an 'About' page (`about.html`) that extends the `base.html` template. This page should display project information, including a heading 'About This Project', a description, a list of 'Technologies Used', and a 'Project Info' card with version, creation date, and purpose details, as detailed in the project context.",
      "analysis_timestamp": "2025-10-24 10:40:30",
      "configuration_analysis": {
        "required_files": [
          "templates/about.html",
          "app.py"
        ],
        "validation_rules": {
          "type": "html",
          "file": "templates/about.html",
          "mustHaveElements": [
            "h1",
            "p",
            "ul",
            "li",
            "div.card",
            "div.card-header",
            "div.card-body"
          ],
          "mustHaveContent": [
            "About This Project",
            "Technologies Used",
            "Flask",
            "Bootstrap 5",
            "Jinja2",
            "Project Info",
            "Version: 1.0.0",
            "Created: 2024",
            "Purpose: Testing"
          ],
          "points": 10
        },
        "playwright_test": {
          "route": "/about",
          "actions": [],
          "validate": [
            {
              "type": "text_present",
              "value": "About This Project"
            },
            {
              "type": "text_present",
              "value": "Flask - Python web framework"
            },
            {
              "type": "text_present",
              "value": "Version: 1.0.0"
            },
            {
              "type": "status_code",
              "value": "200"
            }
          ],
          "points": 10
        },
        "unlock_condition": {
          "min_score": 10,
          "required_tasks": [
            1,
            2
          ]
        },
        "completeness_score": 90,
        "issues": [],
        "recommendations": [
          "Consider adding UI actions for better testing"
        ]
      },
      "test_status": "FAIL",
      "test_message": "Comprehensive test: 0/1 passed",
      "test_details": {
        "status": "completed",
        "results": [
          {
            "name": "Task 3",
            "status": "FAIL",
            "duration": 0.4021334648132324,
            "error": null,
            "screenshot": "reference_task_3.png"
          }
        ],
        "screenshots": [
          "reference_task_3.png"
        ],
        "logs": [
          "[2025-10-24T05:10:24.571186Z] [INFO] Playwright initialized successfully",
          "[2025-10-24T05:10:26.018573Z] [INFO] Browser launched successfully",
          "[2025-10-24T05:10:29.875590Z] [INFO] Results saved to: C:\\Users\\lvg\\CODES\\Project-Validator\\Flask-app-validator\\playwright_backend\\results\\comprehensive_task_1\\test_results_20251024_104029.json",
          "[2025-10-24T05:10:30.299798Z] [INFO] Results saved to: C:\\Users\\lvg\\CODES\\Project-Validator\\Flask-app-validator\\playwright_backend\\results\\comprehensive_task_2\\test_results_20251024_104030.json",
          "[2025-10-24T05:10:30.710969Z] [INFO] Results saved to: C:\\Users\\lvg\\CODES\\Project-Validator\\Flask-app-validator\\playwright_backend\\results\\comprehensive_task_3\\test_results_20251024_104030.json"
        ],
        "total_tests": 1,
        "passed_tests": 0,
        "failed_tests": 1,
        "execution_time": 0.4067373275756836
      },
      "screenshot_captured": true,
      "screenshot_path": "reference_task_3.png",
      "validation_results": [
        {
          "name": "Task 3",
          "status": "FAIL",
          "duration": 0.4021334648132324,
          "error": null,
          "screenshot": "reference_task_3.png"
        }
      ],
      "playwright_logs": [
        "[2025-10-24T05:10:24.571186Z] [INFO] Playwright initialized successfully",
        "[2025-10-24T05:10:26.018573Z] [INFO] Browser launched successfully",
        "[2025-10-24T05:10:29.875590Z] [INFO] Results saved to: C:\\Users\\lvg\\CODES\\Project-Validator\\Flask-app-validator\\playwright_backend\\results\\comprehensive_task_1\\test_results_20251024_104029.json",
        "[2025-10-24T05:10:30.299798Z] [INFO] Results saved to: C:\\Users\\lvg\\CODES\\Project-Validator\\Flask-app-validator\\playwright_backend\\results\\comprehensive_task_2\\test_results_20251024_104030.json",
        "[2025-10-24T05:10:30.710969Z] [INFO] Results saved to: C:\\Users\\lvg\\CODES\\Project-Validator\\Flask-app-validator\\playwright_backend\\results\\comprehensive_task_3\\test_results_20251024_104030.json"
      ],
      "errors": []
    },
    {
      "task_id": 4,
      "task_name": "Contact Page with Form Handling",
      "task_description": "Implement a 'Contact Us' page (`contact.html`) that extends `base.html`. This page should feature a contact form with input fields for 'Name', 'Email', and a textarea for 'Message'. The form must use the `POST` method and include a 'Send Message' button. Ensure your `app.py` has a `/contact` route that handles both GET (rendering the form) and POST (processing form submission and flashing a success or error message).",
      "analysis_timestamp": "2025-10-24 10:40:30",
      "configuration_analysis": {
        "required_files": [
          "templates/contact.html",
          "app.py"
        ],
        "validation_rules": {
          "type": "html",
          "file": "templates/contact.html",
          "mustHaveElements": [
            "h1",
            "p",
            "form[method=\"POST\"]",
            "label[for=\"name\"]",
            "input[name=\"name\"][type=\"text\"]",
            "label[for=\"email\"]",
            "input[name=\"email\"][type=\"email\"]",
            "label[for=\"message\"]",
            "textarea[name=\"message\"]",
            "button[type=\"submit\"]"
          ],
          "mustHaveContent": [
            "Contact Us",
            "Name",
            "Email",
            "Message",
            "Send Message"
          ],
          "points": 15
        },
        "playwright_test": {
          "route": "/contact",
          "actions": [
            "{'description': 'Test 1: Empty form submission', 'sequence': [{'selector_type': 'type', 'selector_value': 'submit', 'click': True}], 'validate': [{'type': 'text_present', 'value': 'Name is required', 'tag': 'div'}, {'type': 'status_code', 'value': 200}]}",
            "{'description': 'Test 2: Invalid email submission', 'sequence': [{'selector_type': 'name', 'selector_value': 'name', 'input_variants': ['Test User']}, {'selector_type': 'name', 'selector_value': 'email', 'input_variants': ['invalid-email']}, {'selector_type': 'name', 'selector_value': 'message', 'input_variants': ['This is a test message.']}, {'selector_type': 'type', 'selector_value': 'submit', 'click': True}], 'validate': [{'type': 'text_present', 'value': 'Invalid email address', 'tag': 'div'}, {'type': 'status_code', 'value': 200}]}",
            "{'description': 'Test 3: Valid form submission', 'sequence': [{'selector_type': 'name', 'selector_value': 'name', 'input_variants': ['John Doe']}, {'selector_type': 'name', 'selector_value': 'email', 'input_variants': ['john.doe@example.com']}, {'selector_type': 'name', 'selector_value': 'message', 'input_variants': ['This is a test message.']}, {'selector_type': 'type', 'selector_value': 'submit', 'click': True}], 'validate': [{'type': 'text_present', 'value': 'Thank you for your message!', 'tag': 'div'}, {'type': 'status_code', 'value': 200}, {'type': 'url_redirect', 'value': '/contact'}]}"
          ],
          "points": 20,
          "validate": []
        },
        "unlock_condition": {
          "min_score": 17,
          "required_tasks": [
            1,
            2,
            3
          ]
        },
        "completeness_score": 90,
        "issues": [],
        "recommendations": [
          "Consider adding validation rules for UI testing"
        ]
      },
      "test_status": "PASS",
      "test_message": "Comprehensive test: 1/1 passed",
      "test_details": {
        "status": "completed",
        "results": [
          {
            "name": "Task 4",
            "status": "PASS",
            "duration": 0.35509276390075684,
            "error": null,
            "screenshot": "reference_task_4.png"
          }
        ],
        "screenshots": [
          "reference_task_4.png"
        ],
        "logs": [
          "[2025-10-24T05:10:24.571186Z] [INFO] Playwright initialized successfully",
          "[2025-10-24T05:10:26.018573Z] [INFO] Browser launched successfully",
          "[2025-10-24T05:10:29.875590Z] [INFO] Results saved to: C:\\Users\\lvg\\CODES\\Project-Validator\\Flask-app-validator\\playwright_backend\\results\\comprehensive_task_1\\test_results_20251024_104029.json",
          "[2025-10-24T05:10:30.299798Z] [INFO] Results saved to: C:\\Users\\lvg\\CODES\\Project-Validator\\Flask-app-validator\\playwright_backend\\results\\comprehensive_task_2\\test_results_20251024_104030.json",
          "[2025-10-24T05:10:30.710969Z] [INFO] Results saved to: C:\\Users\\lvg\\CODES\\Project-Validator\\Flask-app-validator\\playwright_backend\\results\\comprehensive_task_3\\test_results_20251024_104030.json",
          "[2025-10-24T05:10:31.073998Z] [INFO] Results saved to: C:\\Users\\lvg\\CODES\\Project-Validator\\Flask-app-validator\\playwright_backend\\results\\comprehensive_task_4\\test_results_20251024_104031.json"
        ],
        "total_tests": 1,
        "passed_tests": 1,
        "failed_tests": 0,
        "execution_time": 0.35931921005249023
      },
      "screenshot_captured": true,
      "screenshot_path": "reference_task_4.png",
      "validation_results": [
        {
          "name": "Task 4",
          "status": "PASS",
          "duration": 0.35509276390075684,
          "error": null,
          "screenshot": "reference_task_4.png"
        }
      ],
      "playwright_logs": [
        "[2025-10-24T05:10:24.571186Z] [INFO] Playwright initialized successfully",
        "[2025-10-24T05:10:26.018573Z] [INFO] Browser launched successfully",
        "[2025-10-24T05:10:29.875590Z] [INFO] Results saved to: C:\\Users\\lvg\\CODES\\Project-Validator\\Flask-app-validator\\playwright_backend\\results\\comprehensive_task_1\\test_results_20251024_104029.json",
        "[2025-10-24T05:10:30.299798Z] [INFO] Results saved to: C:\\Users\\lvg\\CODES\\Project-Validator\\Flask-app-validator\\playwright_backend\\results\\comprehensive_task_2\\test_results_20251024_104030.json",
        "[2025-10-24T05:10:30.710969Z] [INFO] Results saved to: C:\\Users\\lvg\\CODES\\Project-Validator\\Flask-app-validator\\playwright_backend\\results\\comprehensive_task_3\\test_results_20251024_104030.json",
        "[2025-10-24T05:10:31.073998Z] [INFO] Results saved to: C:\\Users\\lvg\\CODES\\Project-Validator\\Flask-app-validator\\playwright_backend\\results\\comprehensive_task_4\\test_results_20251024_104031.json"
      ],
      "errors": []
    }
  ],
  "summary": {
    "total_tests": 4,
    "passed_tests": 1,
    "failed_tests": 3,
    "screenshots_captured": 4,
    "errors": []
  }
}