{
  "project_name": "Simple Flask Web App",
  "project_description": "A basic Flask application that demonstrates multiple pages (Home, About, Contact) and form handling, ensuring proper navigation and content rendering.",
  "verification_timestamp": "2025-10-24 11:39:19",
  "total_tasks": 4,
  "tasks": [
    {
      "task_id": 1,
      "task_name": "Project Setup",
      "task_description": "Set up your Flask project by creating the necessary app.py, templates folder, static folder, and requirements.txt file.",
      "analysis_timestamp": "2025-10-24 11:39:19",
      "configuration_analysis": {
        "required_files": [
          "app.py",
          "templates/",
          "static/",
          "requirements.txt"
        ],
        "validation_rules": {
          "type": "html",
          "points": 5,
          "checks": [
            "app.py exists",
            "templates folder exists",
            "static folder exists",
            "requirements.txt exists"
          ]
        },
        "playwright_test": {
          "route": "/",
          "actions": [],
          "validate": [
            {
              "type": "status_code",
              "value": "200"
            }
          ],
          "points": 5
        },
        "unlock_condition": {
          "min_score": 0,
          "required_tasks": []
        },
        "completeness_score": 70,
        "issues": [
          "Validation file not specified"
        ],
        "recommendations": [
          "Consider adding UI actions for better testing"
        ]
      },
      "test_status": "FAIL",
      "test_message": "Comprehensive test: 0/2 passed",
      "test_details": {
        "status": "completed",
        "results": [
          {
            "name": "Task 1",
            "status": "FAIL",
            "duration": 0.3376781940460205,
            "error": null,
            "screenshot": "reference_task_1.png"
          },
          {
            "name": "Task 1",
            "status": "FAIL",
            "duration": 0.33969688415527344,
            "error": "[WinError 183] Cannot create a file when that file already exists: 'initial_task_1.png' -> 'C:\\\\Users\\\\lvg\\\\CODES\\\\Project-Validator\\\\Flask-app-validator\\\\playwright_backend\\\\results\\\\comprehensive_task_1\\\\screenshots\\\\screenshot_0.png'",
            "screenshot": null
          }
        ],
        "screenshots": [
          "reference_task_1.png"
        ],
        "logs": [
          "[2025-10-24T05:10:24.571186Z] [INFO] Playwright initialized successfully",
          "[2025-10-24T05:10:26.018573Z] [INFO] Browser launched successfully",
          "[2025-10-24T05:10:29.875590Z] [INFO] Results saved to: C:\\Users\\lvg\\CODES\\Project-Validator\\Flask-app-validator\\playwright_backend\\results\\comprehensive_task_1\\test_results_20251024_104029.json",
          "[2025-10-24T05:10:30.299798Z] [INFO] Results saved to: C:\\Users\\lvg\\CODES\\Project-Validator\\Flask-app-validator\\playwright_backend\\results\\comprehensive_task_2\\test_results_20251024_104030.json",
          "[2025-10-24T05:10:30.710969Z] [INFO] Results saved to: C:\\Users\\lvg\\CODES\\Project-Validator\\Flask-app-validator\\playwright_backend\\results\\comprehensive_task_3\\test_results_20251024_104030.json",
          "[2025-10-24T05:10:31.073998Z] [INFO] Results saved to: C:\\Users\\lvg\\CODES\\Project-Validator\\Flask-app-validator\\playwright_backend\\results\\comprehensive_task_4\\test_results_20251024_104031.json",
          "[2025-10-24T06:09:19.807656Z] [ERROR] Error during custom task test execution: [WinError 183] Cannot create a file when that file already exists: 'initial_task_1.png' -> 'C:\\\\Users\\\\lvg\\\\CODES\\\\Project-Validator\\\\Flask-app-validator\\\\playwright_backend\\\\results\\\\comprehensive_task_1\\\\screenshots\\\\screenshot_0.png'"
        ],
        "total_tests": 2,
        "passed_tests": 0,
        "failed_tests": 2,
        "execution_time": 0.339766263961792
      },
      "screenshot_captured": true,
      "screenshot_path": "reference_task_1.png",
      "validation_results": [
        {
          "name": "Task 1",
          "status": "FAIL",
          "duration": 0.3376781940460205,
          "error": null,
          "screenshot": "reference_task_1.png"
        },
        {
          "name": "Task 1",
          "status": "FAIL",
          "duration": 0.33969688415527344,
          "error": "[WinError 183] Cannot create a file when that file already exists: 'initial_task_1.png' -> 'C:\\\\Users\\\\lvg\\\\CODES\\\\Project-Validator\\\\Flask-app-validator\\\\playwright_backend\\\\results\\\\comprehensive_task_1\\\\screenshots\\\\screenshot_0.png'",
          "screenshot": null
        }
      ],
      "playwright_logs": [
        "[2025-10-24T05:10:24.571186Z] [INFO] Playwright initialized successfully",
        "[2025-10-24T05:10:26.018573Z] [INFO] Browser launched successfully",
        "[2025-10-24T05:10:29.875590Z] [INFO] Results saved to: C:\\Users\\lvg\\CODES\\Project-Validator\\Flask-app-validator\\playwright_backend\\results\\comprehensive_task_1\\test_results_20251024_104029.json",
        "[2025-10-24T05:10:30.299798Z] [INFO] Results saved to: C:\\Users\\lvg\\CODES\\Project-Validator\\Flask-app-validator\\playwright_backend\\results\\comprehensive_task_2\\test_results_20251024_104030.json",
        "[2025-10-24T05:10:30.710969Z] [INFO] Results saved to: C:\\Users\\lvg\\CODES\\Project-Validator\\Flask-app-validator\\playwright_backend\\results\\comprehensive_task_3\\test_results_20251024_104030.json",
        "[2025-10-24T05:10:31.073998Z] [INFO] Results saved to: C:\\Users\\lvg\\CODES\\Project-Validator\\Flask-app-validator\\playwright_backend\\results\\comprehensive_task_4\\test_results_20251024_104031.json",
        "[2025-10-24T06:09:19.807656Z] [ERROR] Error during custom task test execution: [WinError 183] Cannot create a file when that file already exists: 'initial_task_1.png' -> 'C:\\\\Users\\\\lvg\\\\CODES\\\\Project-Validator\\\\Flask-app-validator\\\\playwright_backend\\\\results\\\\comprehensive_task_1\\\\screenshots\\\\screenshot_0.png'"
      ],
      "errors": []
    },
    {
      "task_id": 2,
      "task_name": "Home Page and Base Layout",
      "task_description": "Create base.html to define the common layout including a Bootstrap navigation bar, title block, and content block. Then, create index.html that extends base.html and displays a welcome message. Ensure Flask serves index.html at the / route.",
      "analysis_timestamp": "2025-10-24 11:39:19",
      "configuration_analysis": {
        "required_files": [
          "app.py",
          "templates/base.html",
          "templates/index.html"
        ],
        "validation_rules": {
          "type": "html",
          "routes": [
            {
              "route": "/",
              "method": "GET"
            }
          ],
          "points": 5
        },
        "playwright_test": {
          "route": "/",
          "actions": [],
          "validate": [
            {
              "type": "text_present",
              "value": "Simple Flask App"
            },
            {
              "type": "text_present",
              "value": "Home"
            },
            {
              "type": "text_present",
              "value": "About"
            },
            {
              "type": "text_present",
              "value": "Contact"
            },
            {
              "type": "status_code",
              "value": "200"
            }
          ],
          "points": 10
        },
        "unlock_condition": {
          "min_score": 5,
          "required_tasks": [
            1
          ]
        },
        "completeness_score": 70,
        "issues": [
          "Validation file not specified"
        ],
        "recommendations": [
          "Consider adding UI actions for better testing"
        ]
      },
      "test_status": "FAIL",
      "test_message": "Comprehensive test: 0/2 passed",
      "test_details": {
        "status": "completed",
        "results": [
          {
            "name": "Task 2",
            "status": "FAIL",
            "duration": 0.3589441776275635,
            "error": null,
            "screenshot": "reference_task_2.png"
          },
          {
            "name": "Task 2",
            "status": "FAIL",
            "duration": 0.3611729145050049,
            "error": "[WinError 183] Cannot create a file when that file already exists: 'initial_task_2.png' -> 'C:\\\\Users\\\\lvg\\\\CODES\\\\Project-Validator\\\\Flask-app-validator\\\\playwright_backend\\\\results\\\\comprehensive_task_2\\\\screenshots\\\\screenshot_0.png'",
            "screenshot": null
          }
        ],
        "screenshots": [
          "reference_task_2.png"
        ],
        "logs": [
          "[2025-10-24T05:10:24.571186Z] [INFO] Playwright initialized successfully",
          "[2025-10-24T05:10:26.018573Z] [INFO] Browser launched successfully",
          "[2025-10-24T05:10:29.875590Z] [INFO] Results saved to: C:\\Users\\lvg\\CODES\\Project-Validator\\Flask-app-validator\\playwright_backend\\results\\comprehensive_task_1\\test_results_20251024_104029.json",
          "[2025-10-24T05:10:30.299798Z] [INFO] Results saved to: C:\\Users\\lvg\\CODES\\Project-Validator\\Flask-app-validator\\playwright_backend\\results\\comprehensive_task_2\\test_results_20251024_104030.json",
          "[2025-10-24T05:10:30.710969Z] [INFO] Results saved to: C:\\Users\\lvg\\CODES\\Project-Validator\\Flask-app-validator\\playwright_backend\\results\\comprehensive_task_3\\test_results_20251024_104030.json",
          "[2025-10-24T05:10:31.073998Z] [INFO] Results saved to: C:\\Users\\lvg\\CODES\\Project-Validator\\Flask-app-validator\\playwright_backend\\results\\comprehensive_task_4\\test_results_20251024_104031.json",
          "[2025-10-24T06:09:19.807656Z] [ERROR] Error during custom task test execution: [WinError 183] Cannot create a file when that file already exists: 'initial_task_1.png' -> 'C:\\\\Users\\\\lvg\\\\CODES\\\\Project-Validator\\\\Flask-app-validator\\\\playwright_backend\\\\results\\\\comprehensive_task_1\\\\screenshots\\\\screenshot_0.png'",
          "[2025-10-24T06:09:20.173497Z] [ERROR] Error during custom task test execution: [WinError 183] Cannot create a file when that file already exists: 'initial_task_2.png' -> 'C:\\\\Users\\\\lvg\\\\CODES\\\\Project-Validator\\\\Flask-app-validator\\\\playwright_backend\\\\results\\\\comprehensive_task_2\\\\screenshots\\\\screenshot_0.png'"
        ],
        "total_tests": 2,
        "passed_tests": 0,
        "failed_tests": 2,
        "execution_time": 0.36118483543395996
      },
      "screenshot_captured": true,
      "screenshot_path": "reference_task_2.png",
      "validation_results": [
        {
          "name": "Task 2",
          "status": "FAIL",
          "duration": 0.3589441776275635,
          "error": null,
          "screenshot": "reference_task_2.png"
        },
        {
          "name": "Task 2",
          "status": "FAIL",
          "duration": 0.3611729145050049,
          "error": "[WinError 183] Cannot create a file when that file already exists: 'initial_task_2.png' -> 'C:\\\\Users\\\\lvg\\\\CODES\\\\Project-Validator\\\\Flask-app-validator\\\\playwright_backend\\\\results\\\\comprehensive_task_2\\\\screenshots\\\\screenshot_0.png'",
          "screenshot": null
        }
      ],
      "playwright_logs": [
        "[2025-10-24T05:10:24.571186Z] [INFO] Playwright initialized successfully",
        "[2025-10-24T05:10:26.018573Z] [INFO] Browser launched successfully",
        "[2025-10-24T05:10:29.875590Z] [INFO] Results saved to: C:\\Users\\lvg\\CODES\\Project-Validator\\Flask-app-validator\\playwright_backend\\results\\comprehensive_task_1\\test_results_20251024_104029.json",
        "[2025-10-24T05:10:30.299798Z] [INFO] Results saved to: C:\\Users\\lvg\\CODES\\Project-Validator\\Flask-app-validator\\playwright_backend\\results\\comprehensive_task_2\\test_results_20251024_104030.json",
        "[2025-10-24T05:10:30.710969Z] [INFO] Results saved to: C:\\Users\\lvg\\CODES\\Project-Validator\\Flask-app-validator\\playwright_backend\\results\\comprehensive_task_3\\test_results_20251024_104030.json",
        "[2025-10-24T05:10:31.073998Z] [INFO] Results saved to: C:\\Users\\lvg\\CODES\\Project-Validator\\Flask-app-validator\\playwright_backend\\results\\comprehensive_task_4\\test_results_20251024_104031.json",
        "[2025-10-24T06:09:19.807656Z] [ERROR] Error during custom task test execution: [WinError 183] Cannot create a file when that file already exists: 'initial_task_1.png' -> 'C:\\\\Users\\\\lvg\\\\CODES\\\\Project-Validator\\\\Flask-app-validator\\\\playwright_backend\\\\results\\\\comprehensive_task_1\\\\screenshots\\\\screenshot_0.png'",
        "[2025-10-24T06:09:20.173497Z] [ERROR] Error during custom task test execution: [WinError 183] Cannot create a file when that file already exists: 'initial_task_2.png' -> 'C:\\\\Users\\\\lvg\\\\CODES\\\\Project-Validator\\\\Flask-app-validator\\\\playwright_backend\\\\results\\\\comprehensive_task_2\\\\screenshots\\\\screenshot_0.png'"
      ],
      "errors": []
    },
    {
      "task_id": 3,
      "task_name": "About Page",
      "task_description": "Implement an 'About' page by creating about.html that extends base.html. The page should include information about the project, technologies used, and features. Ensure Flask serves this page at the /about route.",
      "analysis_timestamp": "2025-10-24 11:39:20",
      "configuration_analysis": {
        "required_files": [
          "app.py",
          "templates/about.html"
        ],
        "validation_rules": {
          "type": "html",
          "routes": [
            {
              "route": "/about",
              "method": "GET"
            }
          ],
          "points": 5
        },
        "playwright_test": {
          "route": "/about",
          "actions": [],
          "validate": [
            {
              "type": "text_present",
              "value": "About This Project"
            },
            {
              "type": "text_present",
              "value": "Technologies Used"
            },
            {
              "type": "status_code",
              "value": "200"
            }
          ],
          "points": 10
        },
        "unlock_condition": {
          "min_score": 10,
          "required_tasks": [
            1,
            2
          ]
        },
        "completeness_score": 70,
        "issues": [
          "Validation file not specified"
        ],
        "recommendations": [
          "Consider adding UI actions for better testing"
        ]
      },
      "test_status": "FAIL",
      "test_message": "Comprehensive test: 0/2 passed",
      "test_details": {
        "status": "completed",
        "results": [
          {
            "name": "Task 3",
            "status": "FAIL",
            "duration": 0.32343530654907227,
            "error": null,
            "screenshot": "reference_task_3.png"
          },
          {
            "name": "Task 3",
            "status": "FAIL",
            "duration": 0.32419466972351074,
            "error": "[WinError 183] Cannot create a file when that file already exists: 'initial_task_3.png' -> 'C:\\\\Users\\\\lvg\\\\CODES\\\\Project-Validator\\\\Flask-app-validator\\\\playwright_backend\\\\results\\\\comprehensive_task_3\\\\screenshots\\\\screenshot_0.png'",
            "screenshot": null
          }
        ],
        "screenshots": [
          "reference_task_3.png"
        ],
        "logs": [
          "[2025-10-24T05:10:24.571186Z] [INFO] Playwright initialized successfully",
          "[2025-10-24T05:10:26.018573Z] [INFO] Browser launched successfully",
          "[2025-10-24T05:10:29.875590Z] [INFO] Results saved to: C:\\Users\\lvg\\CODES\\Project-Validator\\Flask-app-validator\\playwright_backend\\results\\comprehensive_task_1\\test_results_20251024_104029.json",
          "[2025-10-24T05:10:30.299798Z] [INFO] Results saved to: C:\\Users\\lvg\\CODES\\Project-Validator\\Flask-app-validator\\playwright_backend\\results\\comprehensive_task_2\\test_results_20251024_104030.json",
          "[2025-10-24T05:10:30.710969Z] [INFO] Results saved to: C:\\Users\\lvg\\CODES\\Project-Validator\\Flask-app-validator\\playwright_backend\\results\\comprehensive_task_3\\test_results_20251024_104030.json",
          "[2025-10-24T05:10:31.073998Z] [INFO] Results saved to: C:\\Users\\lvg\\CODES\\Project-Validator\\Flask-app-validator\\playwright_backend\\results\\comprehensive_task_4\\test_results_20251024_104031.json",
          "[2025-10-24T06:09:19.807656Z] [ERROR] Error during custom task test execution: [WinError 183] Cannot create a file when that file already exists: 'initial_task_1.png' -> 'C:\\\\Users\\\\lvg\\\\CODES\\\\Project-Validator\\\\Flask-app-validator\\\\playwright_backend\\\\results\\\\comprehensive_task_1\\\\screenshots\\\\screenshot_0.png'",
          "[2025-10-24T06:09:20.173497Z] [ERROR] Error during custom task test execution: [WinError 183] Cannot create a file when that file already exists: 'initial_task_2.png' -> 'C:\\\\Users\\\\lvg\\\\CODES\\\\Project-Validator\\\\Flask-app-validator\\\\playwright_backend\\\\results\\\\comprehensive_task_2\\\\screenshots\\\\screenshot_0.png'",
          "[2025-10-24T06:09:20.520531Z] [ERROR] Error during custom task test execution: [WinError 183] Cannot create a file when that file already exists: 'initial_task_3.png' -> 'C:\\\\Users\\\\lvg\\\\CODES\\\\Project-Validator\\\\Flask-app-validator\\\\playwright_backend\\\\results\\\\comprehensive_task_3\\\\screenshots\\\\screenshot_0.png'"
        ],
        "total_tests": 2,
        "passed_tests": 0,
        "failed_tests": 2,
        "execution_time": 0.3242056369781494
      },
      "screenshot_captured": true,
      "screenshot_path": "reference_task_3.png",
      "validation_results": [
        {
          "name": "Task 3",
          "status": "FAIL",
          "duration": 0.32343530654907227,
          "error": null,
          "screenshot": "reference_task_3.png"
        },
        {
          "name": "Task 3",
          "status": "FAIL",
          "duration": 0.32419466972351074,
          "error": "[WinError 183] Cannot create a file when that file already exists: 'initial_task_3.png' -> 'C:\\\\Users\\\\lvg\\\\CODES\\\\Project-Validator\\\\Flask-app-validator\\\\playwright_backend\\\\results\\\\comprehensive_task_3\\\\screenshots\\\\screenshot_0.png'",
          "screenshot": null
        }
      ],
      "playwright_logs": [
        "[2025-10-24T05:10:24.571186Z] [INFO] Playwright initialized successfully",
        "[2025-10-24T05:10:26.018573Z] [INFO] Browser launched successfully",
        "[2025-10-24T05:10:29.875590Z] [INFO] Results saved to: C:\\Users\\lvg\\CODES\\Project-Validator\\Flask-app-validator\\playwright_backend\\results\\comprehensive_task_1\\test_results_20251024_104029.json",
        "[2025-10-24T05:10:30.299798Z] [INFO] Results saved to: C:\\Users\\lvg\\CODES\\Project-Validator\\Flask-app-validator\\playwright_backend\\results\\comprehensive_task_2\\test_results_20251024_104030.json",
        "[2025-10-24T05:10:30.710969Z] [INFO] Results saved to: C:\\Users\\lvg\\CODES\\Project-Validator\\Flask-app-validator\\playwright_backend\\results\\comprehensive_task_3\\test_results_20251024_104030.json",
        "[2025-10-24T05:10:31.073998Z] [INFO] Results saved to: C:\\Users\\lvg\\CODES\\Project-Validator\\Flask-app-validator\\playwright_backend\\results\\comprehensive_task_4\\test_results_20251024_104031.json",
        "[2025-10-24T06:09:19.807656Z] [ERROR] Error during custom task test execution: [WinError 183] Cannot create a file when that file already exists: 'initial_task_1.png' -> 'C:\\\\Users\\\\lvg\\\\CODES\\\\Project-Validator\\\\Flask-app-validator\\\\playwright_backend\\\\results\\\\comprehensive_task_1\\\\screenshots\\\\screenshot_0.png'",
        "[2025-10-24T06:09:20.173497Z] [ERROR] Error during custom task test execution: [WinError 183] Cannot create a file when that file already exists: 'initial_task_2.png' -> 'C:\\\\Users\\\\lvg\\\\CODES\\\\Project-Validator\\\\Flask-app-validator\\\\playwright_backend\\\\results\\\\comprehensive_task_2\\\\screenshots\\\\screenshot_0.png'",
        "[2025-10-24T06:09:20.520531Z] [ERROR] Error during custom task test execution: [WinError 183] Cannot create a file when that file already exists: 'initial_task_3.png' -> 'C:\\\\Users\\\\lvg\\\\CODES\\\\Project-Validator\\\\Flask-app-validator\\\\playwright_backend\\\\results\\\\comprehensive_task_3\\\\screenshots\\\\screenshot_0.png'"
      ],
      "errors": []
    },
    {
      "task_id": 4,
      "task_name": "Contact Page with Form Handling",
      "task_description": "Create a 'Contact Us' page (contact.html) with a form. The form should have fields for Name, Email, and Message, and a 'Send Message' button. Implement the /contact route in app.py to handle both GET (display form) and POST (process form) requests. On successful submission, display a flash message indicating the message was sent.",
      "analysis_timestamp": "2025-10-24 11:39:20",
      "configuration_analysis": {
        "required_files": [
          "app.py",
          "templates/contact.html"
        ],
        "validation_rules": {
          "type": "html",
          "routes": [
            {
              "route": "/contact",
              "method": "GET"
            },
            {
              "route": "/contact",
              "method": "POST"
            }
          ],
          "points": 5
        },
        "playwright_test": {
          "route": "/contact",
          "actions": [
            {
              "selector_type": "type",
              "selector_value": "submit",
              "click": true
            },
            {
              "selector_type": "id",
              "selector_value": "name",
              "input_variants": [
                "Test User"
              ]
            },
            {
              "selector_type": "id",
              "selector_value": "email",
              "input_variants": [
                "test@example.com"
              ]
            },
            {
              "selector_type": "id",
              "selector_value": "message",
              "input_variants": [
                "Hello",
                "this is a test message."
              ]
            },
            {
              "selector_type": "type",
              "selector_value": "submit",
              "click": true
            }
          ],
          "validate": [
            {
              "type": "text_present",
              "value": "Contact Us"
            },
            {
              "type": "status_code",
              "value": "200"
            },
            {
              "type": "text_present",
              "value": "Message sent successfully!"
            }
          ],
          "points": 25
        },
        "unlock_condition": {
          "min_score": 15,
          "required_tasks": [
            1,
            2,
            3
          ]
        },
        "completeness_score": 80,
        "issues": [
          "Validation file not specified"
        ],
        "recommendations": []
      },
      "test_status": "ERROR",
      "test_message": "HTTPConnectionPool(host='127.0.0.1', port=8001): Read timed out. (read timeout=60)",
      "test_details": {},
      "screenshot_captured": false,
      "screenshot_path": null,
      "validation_results": [],
      "playwright_logs": [],
      "errors": [
        "HTTPConnectionPool(host='127.0.0.1', port=8001): Read timed out. (read timeout=60)"
      ]
    }
  ],
  "summary": {
    "total_tests": 4,
    "passed_tests": 0,
    "failed_tests": 3,
    "screenshots_captured": 3,
    "errors": []
  }
}