{
  "project_name": "Custom Flask Project",
  "project_description": "A simple To-do app with database, allowing users to add, complete, and delete tasks.",
  "verification_timestamp": "2025-10-28 16:36:40",
  "total_tasks": 5,
  "tasks": [
    {
      "task_id": 1,
      "task_name": "Project Setup",
      "task_description": "Set up your Flask project with the basic file structure including `app.py`, `templates` folder, `static` folder, and a `requirements.txt` file for dependencies.",
      "analysis_timestamp": "2025-10-28 16:36:40",
      "configuration_analysis": {
        "required_files": [
          "app.py",
          "templates/",
          "static/",
          "requirements.txt"
        ],
        "validation_rules": {
          "type": "html",
          "points": 5,
          "checks": [
            "app.py exists",
            "templates/ exists",
            "static/ exists",
            "requirements.txt exists"
          ]
        },
        "playwright_test": {
          "route": "/",
          "actions": [],
          "validate": [
            {
              "type": "status_code",
              "value": "200"
            }
          ],
          "points": 5
        },
        "unlock_condition": {
          "min_score": 0,
          "required_tasks": []
        },
        "completeness_score": 70,
        "issues": [
          "Validation file not specified"
        ],
        "recommendations": [
          "Consider adding UI actions for better testing"
        ]
      },
      "test_status": "FAIL",
      "test_message": "Comprehensive test: 0/2 passed",
      "test_details": {
        "status": "completed",
        "results": [
          {
            "name": "Task 1",
            "status": "FAIL",
            "duration": 1.3060956001281738,
            "error": null,
            "screenshot": "reference_task_1.png"
          },
          {
            "name": "Task 1",
            "status": "FAIL",
            "duration": 1.3073070049285889,
            "error": "[WinError 183] Cannot create a file when that file already exists: 'initial_task_1.png' -> 'C:\\\\Users\\\\lvg\\\\CODES\\\\Project-Validator\\\\Flask-app-validator\\\\playwright_backend\\\\results\\\\comprehensive_task_1\\\\screenshots\\\\screenshot_0.png'",
            "screenshot": null
          }
        ],
        "screenshots": [
          "reference_task_1.png"
        ],
        "logs": [
          "[2025-10-28T09:09:07.357500Z] [INFO] Playwright initialized successfully",
          "[2025-10-28T09:09:08.969709Z] [INFO] Browser launched successfully",
          "[2025-10-28T09:09:10.567098Z] [ERROR] Error during custom task test execution: [WinError 183] Cannot create a file when that file already exists: 'initial_task_1.png' -> 'C:\\\\Users\\\\lvg\\\\CODES\\\\Project-Validator\\\\Flask-app-validator\\\\playwright_backend\\\\results\\\\comprehensive_task_1\\\\screenshots\\\\screenshot_0.png'",
          "[2025-10-28T09:09:11.712021Z] [ERROR] Error during custom task test execution: [WinError 183] Cannot create a file when that file already exists: 'initial_task_2.png' -> 'C:\\\\Users\\\\lvg\\\\CODES\\\\Project-Validator\\\\Flask-app-validator\\\\playwright_backend\\\\results\\\\comprehensive_task_2\\\\screenshots\\\\screenshot_0.png'",
          "[2025-10-28T09:09:15.238341Z] [ERROR] Error during custom task test execution: [WinError 183] Cannot create a file when that file already exists: 'initial_task_3.png' -> 'C:\\\\Users\\\\lvg\\\\CODES\\\\Project-Validator\\\\Flask-app-validator\\\\playwright_backend\\\\results\\\\comprehensive_task_3\\\\screenshots\\\\screenshot_0.png'",
          "[2025-10-28T09:09:19.834978Z] [ERROR] Error during custom task test execution: [WinError 183] Cannot create a file when that file already exists: 'initial_task_4.png' -> 'C:\\\\Users\\\\lvg\\\\CODES\\\\Project-Validator\\\\Flask-app-validator\\\\playwright_backend\\\\results\\\\comprehensive_task_4\\\\screenshots\\\\screenshot_0.png'",
          "[2025-10-28T09:09:20.188471Z] [INFO] Results saved to: C:\\Users\\lvg\\CODES\\Project-Validator\\Flask-app-validator\\playwright_backend\\results\\comprehensive_task_5\\test_results_20251028_143920.json",
          "[2025-10-28T09:09:20.537253Z] [INFO] Results saved to: C:\\Users\\lvg\\CODES\\Project-Validator\\Flask-app-validator\\playwright_backend\\results\\comprehensive_task_6\\test_results_20251028_143920.json",
          "[2025-10-28T10:30:12.775060Z] [ERROR] Error during custom task test execution: [WinError 183] Cannot create a file when that file already exists: 'initial_task_1.png' -> 'C:\\\\Users\\\\lvg\\\\CODES\\\\Project-Validator\\\\Flask-app-validator\\\\playwright_backend\\\\results\\\\comprehensive_task_1\\\\screenshots\\\\screenshot_0.png'",
          "[2025-10-28T10:31:14.571233Z] [ERROR] Error during custom task test execution: [WinError 183] Cannot create a file when that file already exists: 'initial_task_2.png' -> 'C:\\\\Users\\\\lvg\\\\CODES\\\\Project-Validator\\\\Flask-app-validator\\\\playwright_backend\\\\results\\\\comprehensive_task_2\\\\screenshots\\\\screenshot_0.png'",
          "[2025-10-28T10:32:13.382151Z] [ERROR] Error during custom task test execution: [WinError 183] Cannot create a file when that file already exists: 'initial_task_4.png' -> 'C:\\\\Users\\\\lvg\\\\CODES\\\\Project-Validator\\\\Flask-app-validator\\\\playwright_backend\\\\results\\\\comprehensive_task_4\\\\screenshots\\\\screenshot_0.png'",
          "[2025-10-28T10:33:14.493145Z] [ERROR] Error during custom task test execution: [WinError 183] Cannot create a file when that file already exists: 'initial_task_3.png' -> 'C:\\\\Users\\\\lvg\\\\CODES\\\\Project-Validator\\\\Flask-app-validator\\\\playwright_backend\\\\results\\\\comprehensive_task_3\\\\screenshots\\\\screenshot_0.png'",
          "[2025-10-28T10:47:45.915256Z] [ERROR] Error during custom task test execution: [WinError 183] Cannot create a file when that file already exists: 'initial_task_1.png' -> 'C:\\\\Users\\\\lvg\\\\CODES\\\\Project-Validator\\\\Flask-app-validator\\\\playwright_backend\\\\results\\\\comprehensive_task_1\\\\screenshots\\\\screenshot_0.png'",
          "[2025-10-28T10:48:47.694300Z] [ERROR] Error during custom task test execution: [WinError 183] Cannot create a file when that file already exists: 'initial_task_2.png' -> 'C:\\\\Users\\\\lvg\\\\CODES\\\\Project-Validator\\\\Flask-app-validator\\\\playwright_backend\\\\results\\\\comprehensive_task_2\\\\screenshots\\\\screenshot_0.png'",
          "[2025-10-28T10:49:46.539202Z] [ERROR] Error during custom task test execution: [WinError 183] Cannot create a file when that file already exists: 'initial_task_4.png' -> 'C:\\\\Users\\\\lvg\\\\CODES\\\\Project-Validator\\\\Flask-app-validator\\\\playwright_backend\\\\results\\\\comprehensive_task_4\\\\screenshots\\\\screenshot_0.png'",
          "[2025-10-28T10:50:47.977361Z] [ERROR] Error during custom task test execution: [WinError 183] Cannot create a file when that file already exists: 'initial_task_3.png' -> 'C:\\\\Users\\\\lvg\\\\CODES\\\\Project-Validator\\\\Flask-app-validator\\\\playwright_backend\\\\results\\\\comprehensive_task_3\\\\screenshots\\\\screenshot_0.png'",
          "[2025-10-28T11:06:41.546874Z] [ERROR] Error during custom task test execution: [WinError 183] Cannot create a file when that file already exists: 'initial_task_1.png' -> 'C:\\\\Users\\\\lvg\\\\CODES\\\\Project-Validator\\\\Flask-app-validator\\\\playwright_backend\\\\results\\\\comprehensive_task_1\\\\screenshots\\\\screenshot_0.png'"
        ],
        "total_tests": 2,
        "passed_tests": 0,
        "failed_tests": 2,
        "execution_time": 1.3073194026947021
      },
      "screenshot_captured": true,
      "screenshot_path": "reference_task_1.png",
      "validation_results": [
        {
          "name": "Task 1",
          "status": "FAIL",
          "duration": 1.3060956001281738,
          "error": null,
          "screenshot": "reference_task_1.png"
        },
        {
          "name": "Task 1",
          "status": "FAIL",
          "duration": 1.3073070049285889,
          "error": "[WinError 183] Cannot create a file when that file already exists: 'initial_task_1.png' -> 'C:\\\\Users\\\\lvg\\\\CODES\\\\Project-Validator\\\\Flask-app-validator\\\\playwright_backend\\\\results\\\\comprehensive_task_1\\\\screenshots\\\\screenshot_0.png'",
          "screenshot": null
        }
      ],
      "playwright_logs": [
        "[2025-10-28T09:09:07.357500Z] [INFO] Playwright initialized successfully",
        "[2025-10-28T09:09:08.969709Z] [INFO] Browser launched successfully",
        "[2025-10-28T09:09:10.567098Z] [ERROR] Error during custom task test execution: [WinError 183] Cannot create a file when that file already exists: 'initial_task_1.png' -> 'C:\\\\Users\\\\lvg\\\\CODES\\\\Project-Validator\\\\Flask-app-validator\\\\playwright_backend\\\\results\\\\comprehensive_task_1\\\\screenshots\\\\screenshot_0.png'",
        "[2025-10-28T09:09:11.712021Z] [ERROR] Error during custom task test execution: [WinError 183] Cannot create a file when that file already exists: 'initial_task_2.png' -> 'C:\\\\Users\\\\lvg\\\\CODES\\\\Project-Validator\\\\Flask-app-validator\\\\playwright_backend\\\\results\\\\comprehensive_task_2\\\\screenshots\\\\screenshot_0.png'",
        "[2025-10-28T09:09:15.238341Z] [ERROR] Error during custom task test execution: [WinError 183] Cannot create a file when that file already exists: 'initial_task_3.png' -> 'C:\\\\Users\\\\lvg\\\\CODES\\\\Project-Validator\\\\Flask-app-validator\\\\playwright_backend\\\\results\\\\comprehensive_task_3\\\\screenshots\\\\screenshot_0.png'",
        "[2025-10-28T09:09:19.834978Z] [ERROR] Error during custom task test execution: [WinError 183] Cannot create a file when that file already exists: 'initial_task_4.png' -> 'C:\\\\Users\\\\lvg\\\\CODES\\\\Project-Validator\\\\Flask-app-validator\\\\playwright_backend\\\\results\\\\comprehensive_task_4\\\\screenshots\\\\screenshot_0.png'",
        "[2025-10-28T09:09:20.188471Z] [INFO] Results saved to: C:\\Users\\lvg\\CODES\\Project-Validator\\Flask-app-validator\\playwright_backend\\results\\comprehensive_task_5\\test_results_20251028_143920.json",
        "[2025-10-28T09:09:20.537253Z] [INFO] Results saved to: C:\\Users\\lvg\\CODES\\Project-Validator\\Flask-app-validator\\playwright_backend\\results\\comprehensive_task_6\\test_results_20251028_143920.json",
        "[2025-10-28T10:30:12.775060Z] [ERROR] Error during custom task test execution: [WinError 183] Cannot create a file when that file already exists: 'initial_task_1.png' -> 'C:\\\\Users\\\\lvg\\\\CODES\\\\Project-Validator\\\\Flask-app-validator\\\\playwright_backend\\\\results\\\\comprehensive_task_1\\\\screenshots\\\\screenshot_0.png'",
        "[2025-10-28T10:31:14.571233Z] [ERROR] Error during custom task test execution: [WinError 183] Cannot create a file when that file already exists: 'initial_task_2.png' -> 'C:\\\\Users\\\\lvg\\\\CODES\\\\Project-Validator\\\\Flask-app-validator\\\\playwright_backend\\\\results\\\\comprehensive_task_2\\\\screenshots\\\\screenshot_0.png'",
        "[2025-10-28T10:32:13.382151Z] [ERROR] Error during custom task test execution: [WinError 183] Cannot create a file when that file already exists: 'initial_task_4.png' -> 'C:\\\\Users\\\\lvg\\\\CODES\\\\Project-Validator\\\\Flask-app-validator\\\\playwright_backend\\\\results\\\\comprehensive_task_4\\\\screenshots\\\\screenshot_0.png'",
        "[2025-10-28T10:33:14.493145Z] [ERROR] Error during custom task test execution: [WinError 183] Cannot create a file when that file already exists: 'initial_task_3.png' -> 'C:\\\\Users\\\\lvg\\\\CODES\\\\Project-Validator\\\\Flask-app-validator\\\\playwright_backend\\\\results\\\\comprehensive_task_3\\\\screenshots\\\\screenshot_0.png'",
        "[2025-10-28T10:47:45.915256Z] [ERROR] Error during custom task test execution: [WinError 183] Cannot create a file when that file already exists: 'initial_task_1.png' -> 'C:\\\\Users\\\\lvg\\\\CODES\\\\Project-Validator\\\\Flask-app-validator\\\\playwright_backend\\\\results\\\\comprehensive_task_1\\\\screenshots\\\\screenshot_0.png'",
        "[2025-10-28T10:48:47.694300Z] [ERROR] Error during custom task test execution: [WinError 183] Cannot create a file when that file already exists: 'initial_task_2.png' -> 'C:\\\\Users\\\\lvg\\\\CODES\\\\Project-Validator\\\\Flask-app-validator\\\\playwright_backend\\\\results\\\\comprehensive_task_2\\\\screenshots\\\\screenshot_0.png'",
        "[2025-10-28T10:49:46.539202Z] [ERROR] Error during custom task test execution: [WinError 183] Cannot create a file when that file already exists: 'initial_task_4.png' -> 'C:\\\\Users\\\\lvg\\\\CODES\\\\Project-Validator\\\\Flask-app-validator\\\\playwright_backend\\\\results\\\\comprehensive_task_4\\\\screenshots\\\\screenshot_0.png'",
        "[2025-10-28T10:50:47.977361Z] [ERROR] Error during custom task test execution: [WinError 183] Cannot create a file when that file already exists: 'initial_task_3.png' -> 'C:\\\\Users\\\\lvg\\\\CODES\\\\Project-Validator\\\\Flask-app-validator\\\\playwright_backend\\\\results\\\\comprehensive_task_3\\\\screenshots\\\\screenshot_0.png'",
        "[2025-10-28T11:06:41.546874Z] [ERROR] Error during custom task test execution: [WinError 183] Cannot create a file when that file already exists: 'initial_task_1.png' -> 'C:\\\\Users\\\\lvg\\\\CODES\\\\Project-Validator\\\\Flask-app-validator\\\\playwright_backend\\\\results\\\\comprehensive_task_1\\\\screenshots\\\\screenshot_0.png'"
      ],
      "errors": []
    },
    {
      "task_id": 2,
      "task_name": "Basic Pages and Navigation",
      "task_description": "Create the `base.html`, `index.html`, `about.html`, and `contact.html` templates. Implement basic Flask routes in `app.py` for `/`, `/about`, and `/contact` to render these templates. Ensure `base.html` includes a navigation menu linking to Home, About, and Contact.",
      "analysis_timestamp": "2025-10-28 16:36:41",
      "configuration_analysis": {
        "required_files": [
          "templates/base.html",
          "templates/index.html",
          "templates/about.html",
          "templates/contact.html",
          "app.py"
        ],
        "validation_rules": {
          "type": "html",
          "file": "templates/base.html",
          "mustHaveElements": [
            "nav",
            {
              "tag": "a",
              "count": 3
            }
          ],
          "mustHaveContent": [
            "Home",
            "About",
            "Contact"
          ],
          "points": 8
        },
        "playwright_test": {
          "route": "/",
          "actions": [
            {
              "selector_type": "tag",
              "selector_value": "a",
              "click": true
            },
            {
              "selector_type": "tag",
              "selector_value": "a",
              "click": true
            }
          ],
          "validate": [
            {
              "type": "text_present",
              "value": "Todo List"
            },
            {
              "type": "status_code",
              "value": "200"
            },
            {
              "type": "url_redirect",
              "value": "/about"
            },
            {
              "type": "text_present",
              "value": "About"
            },
            {
              "type": "url_redirect",
              "value": "/contact"
            },
            {
              "type": "text_present",
              "value": "Contact"
            }
          ],
          "points": 7
        },
        "unlock_condition": {
          "min_score": 5,
          "required_tasks": [
            1
          ]
        },
        "completeness_score": 100,
        "issues": [],
        "recommendations": []
      },
      "test_status": "ERROR",
      "test_message": "HTTPConnectionPool(host='127.0.0.1', port=8001): Read timed out. (read timeout=60)",
      "test_details": {},
      "screenshot_captured": false,
      "screenshot_path": null,
      "validation_results": [],
      "playwright_logs": [],
      "errors": [
        "HTTPConnectionPool(host='127.0.0.1', port=8001): Read timed out. (read timeout=60)"
      ]
    },
    {
      "task_id": 3,
      "task_name": "Database Integration and Todo Model",
      "task_description": "Integrate a database (e.g., SQLite with Flask-SQLAlchemy) into your Flask application. Define a `Todo` model with fields for `id` (primary key), `text` (string), and `complete` (boolean, default false). Configure your `app.py` to initialize the database and create tables on startup.",
      "analysis_timestamp": "2025-10-28 16:37:41",
      "configuration_analysis": {
        "required_files": [
          "app.py",
          "requirements.txt"
        ],
        "validation_rules": {
          "type": "html",
          "mustHaveLines": [
            "from flask_sqlalchemy import SQLAlchemy",
            "db = SQLAlchemy()",
            "class Todo(db.Model):",
            "id = db.Column(db.Integer, primary_key=True)",
            "text = db.Column(db.String",
            "complete = db.Column(db.Boolean, default=False)"
          ],
          "points": 10
        },
        "playwright_test": {
          "route": "/",
          "actions": [],
          "validate": [
            {
              "type": "status_code",
              "value": "200"
            },
            {
              "type": "text_present",
              "value": "No incomplete tasks"
            }
          ],
          "points": 5
        },
        "unlock_condition": {
          "min_score": 10,
          "required_tasks": [
            1,
            2
          ]
        },
        "completeness_score": 70,
        "issues": [
          "Validation file not specified"
        ],
        "recommendations": [
          "Consider adding UI actions for better testing"
        ]
      },
      "test_status": "FAIL",
      "test_message": "Comprehensive test: 0/2 passed",
      "test_details": {
        "status": "completed",
        "results": [
          {
            "name": "Task 3",
            "status": "FAIL",
            "duration": 1.5607280731201172,
            "error": null,
            "screenshot": "reference_task_3.png"
          },
          {
            "name": "Task 3",
            "status": "FAIL",
            "duration": 1.562164306640625,
            "error": "[WinError 183] Cannot create a file when that file already exists: 'initial_task_3.png' -> 'C:\\\\Users\\\\lvg\\\\CODES\\\\Project-Validator\\\\Flask-app-validator\\\\playwright_backend\\\\results\\\\comprehensive_task_3\\\\screenshots\\\\screenshot_0.png'",
            "screenshot": null
          }
        ],
        "screenshots": [
          "reference_task_3.png"
        ],
        "logs": [
          "[2025-10-28T09:09:07.357500Z] [INFO] Playwright initialized successfully",
          "[2025-10-28T09:09:08.969709Z] [INFO] Browser launched successfully",
          "[2025-10-28T09:09:10.567098Z] [ERROR] Error during custom task test execution: [WinError 183] Cannot create a file when that file already exists: 'initial_task_1.png' -> 'C:\\\\Users\\\\lvg\\\\CODES\\\\Project-Validator\\\\Flask-app-validator\\\\playwright_backend\\\\results\\\\comprehensive_task_1\\\\screenshots\\\\screenshot_0.png'",
          "[2025-10-28T09:09:11.712021Z] [ERROR] Error during custom task test execution: [WinError 183] Cannot create a file when that file already exists: 'initial_task_2.png' -> 'C:\\\\Users\\\\lvg\\\\CODES\\\\Project-Validator\\\\Flask-app-validator\\\\playwright_backend\\\\results\\\\comprehensive_task_2\\\\screenshots\\\\screenshot_0.png'",
          "[2025-10-28T09:09:15.238341Z] [ERROR] Error during custom task test execution: [WinError 183] Cannot create a file when that file already exists: 'initial_task_3.png' -> 'C:\\\\Users\\\\lvg\\\\CODES\\\\Project-Validator\\\\Flask-app-validator\\\\playwright_backend\\\\results\\\\comprehensive_task_3\\\\screenshots\\\\screenshot_0.png'",
          "[2025-10-28T09:09:19.834978Z] [ERROR] Error during custom task test execution: [WinError 183] Cannot create a file when that file already exists: 'initial_task_4.png' -> 'C:\\\\Users\\\\lvg\\\\CODES\\\\Project-Validator\\\\Flask-app-validator\\\\playwright_backend\\\\results\\\\comprehensive_task_4\\\\screenshots\\\\screenshot_0.png'",
          "[2025-10-28T09:09:20.188471Z] [INFO] Results saved to: C:\\Users\\lvg\\CODES\\Project-Validator\\Flask-app-validator\\playwright_backend\\results\\comprehensive_task_5\\test_results_20251028_143920.json",
          "[2025-10-28T09:09:20.537253Z] [INFO] Results saved to: C:\\Users\\lvg\\CODES\\Project-Validator\\Flask-app-validator\\playwright_backend\\results\\comprehensive_task_6\\test_results_20251028_143920.json",
          "[2025-10-28T10:30:12.775060Z] [ERROR] Error during custom task test execution: [WinError 183] Cannot create a file when that file already exists: 'initial_task_1.png' -> 'C:\\\\Users\\\\lvg\\\\CODES\\\\Project-Validator\\\\Flask-app-validator\\\\playwright_backend\\\\results\\\\comprehensive_task_1\\\\screenshots\\\\screenshot_0.png'",
          "[2025-10-28T10:31:14.571233Z] [ERROR] Error during custom task test execution: [WinError 183] Cannot create a file when that file already exists: 'initial_task_2.png' -> 'C:\\\\Users\\\\lvg\\\\CODES\\\\Project-Validator\\\\Flask-app-validator\\\\playwright_backend\\\\results\\\\comprehensive_task_2\\\\screenshots\\\\screenshot_0.png'",
          "[2025-10-28T10:32:13.382151Z] [ERROR] Error during custom task test execution: [WinError 183] Cannot create a file when that file already exists: 'initial_task_4.png' -> 'C:\\\\Users\\\\lvg\\\\CODES\\\\Project-Validator\\\\Flask-app-validator\\\\playwright_backend\\\\results\\\\comprehensive_task_4\\\\screenshots\\\\screenshot_0.png'",
          "[2025-10-28T10:33:14.493145Z] [ERROR] Error during custom task test execution: [WinError 183] Cannot create a file when that file already exists: 'initial_task_3.png' -> 'C:\\\\Users\\\\lvg\\\\CODES\\\\Project-Validator\\\\Flask-app-validator\\\\playwright_backend\\\\results\\\\comprehensive_task_3\\\\screenshots\\\\screenshot_0.png'",
          "[2025-10-28T10:47:45.915256Z] [ERROR] Error during custom task test execution: [WinError 183] Cannot create a file when that file already exists: 'initial_task_1.png' -> 'C:\\\\Users\\\\lvg\\\\CODES\\\\Project-Validator\\\\Flask-app-validator\\\\playwright_backend\\\\results\\\\comprehensive_task_1\\\\screenshots\\\\screenshot_0.png'",
          "[2025-10-28T10:48:47.694300Z] [ERROR] Error during custom task test execution: [WinError 183] Cannot create a file when that file already exists: 'initial_task_2.png' -> 'C:\\\\Users\\\\lvg\\\\CODES\\\\Project-Validator\\\\Flask-app-validator\\\\playwright_backend\\\\results\\\\comprehensive_task_2\\\\screenshots\\\\screenshot_0.png'",
          "[2025-10-28T10:49:46.539202Z] [ERROR] Error during custom task test execution: [WinError 183] Cannot create a file when that file already exists: 'initial_task_4.png' -> 'C:\\\\Users\\\\lvg\\\\CODES\\\\Project-Validator\\\\Flask-app-validator\\\\playwright_backend\\\\results\\\\comprehensive_task_4\\\\screenshots\\\\screenshot_0.png'",
          "[2025-10-28T10:50:47.977361Z] [ERROR] Error during custom task test execution: [WinError 183] Cannot create a file when that file already exists: 'initial_task_3.png' -> 'C:\\\\Users\\\\lvg\\\\CODES\\\\Project-Validator\\\\Flask-app-validator\\\\playwright_backend\\\\results\\\\comprehensive_task_3\\\\screenshots\\\\screenshot_0.png'",
          "[2025-10-28T11:06:41.546874Z] [ERROR] Error during custom task test execution: [WinError 183] Cannot create a file when that file already exists: 'initial_task_1.png' -> 'C:\\\\Users\\\\lvg\\\\CODES\\\\Project-Validator\\\\Flask-app-validator\\\\playwright_backend\\\\results\\\\comprehensive_task_1\\\\screenshots\\\\screenshot_0.png'",
          "[2025-10-28T11:07:43.140558Z] [ERROR] Error during custom task test execution: [WinError 183] Cannot create a file when that file already exists: 'initial_task_3.png' -> 'C:\\\\Users\\\\lvg\\\\CODES\\\\Project-Validator\\\\Flask-app-validator\\\\playwright_backend\\\\results\\\\comprehensive_task_3\\\\screenshots\\\\screenshot_0.png'"
        ],
        "total_tests": 2,
        "passed_tests": 0,
        "failed_tests": 2,
        "execution_time": 1.5621788501739502
      },
      "screenshot_captured": true,
      "screenshot_path": "reference_task_3.png",
      "validation_results": [
        {
          "name": "Task 3",
          "status": "FAIL",
          "duration": 1.5607280731201172,
          "error": null,
          "screenshot": "reference_task_3.png"
        },
        {
          "name": "Task 3",
          "status": "FAIL",
          "duration": 1.562164306640625,
          "error": "[WinError 183] Cannot create a file when that file already exists: 'initial_task_3.png' -> 'C:\\\\Users\\\\lvg\\\\CODES\\\\Project-Validator\\\\Flask-app-validator\\\\playwright_backend\\\\results\\\\comprehensive_task_3\\\\screenshots\\\\screenshot_0.png'",
          "screenshot": null
        }
      ],
      "playwright_logs": [
        "[2025-10-28T09:09:07.357500Z] [INFO] Playwright initialized successfully",
        "[2025-10-28T09:09:08.969709Z] [INFO] Browser launched successfully",
        "[2025-10-28T09:09:10.567098Z] [ERROR] Error during custom task test execution: [WinError 183] Cannot create a file when that file already exists: 'initial_task_1.png' -> 'C:\\\\Users\\\\lvg\\\\CODES\\\\Project-Validator\\\\Flask-app-validator\\\\playwright_backend\\\\results\\\\comprehensive_task_1\\\\screenshots\\\\screenshot_0.png'",
        "[2025-10-28T09:09:11.712021Z] [ERROR] Error during custom task test execution: [WinError 183] Cannot create a file when that file already exists: 'initial_task_2.png' -> 'C:\\\\Users\\\\lvg\\\\CODES\\\\Project-Validator\\\\Flask-app-validator\\\\playwright_backend\\\\results\\\\comprehensive_task_2\\\\screenshots\\\\screenshot_0.png'",
        "[2025-10-28T09:09:15.238341Z] [ERROR] Error during custom task test execution: [WinError 183] Cannot create a file when that file already exists: 'initial_task_3.png' -> 'C:\\\\Users\\\\lvg\\\\CODES\\\\Project-Validator\\\\Flask-app-validator\\\\playwright_backend\\\\results\\\\comprehensive_task_3\\\\screenshots\\\\screenshot_0.png'",
        "[2025-10-28T09:09:19.834978Z] [ERROR] Error during custom task test execution: [WinError 183] Cannot create a file when that file already exists: 'initial_task_4.png' -> 'C:\\\\Users\\\\lvg\\\\CODES\\\\Project-Validator\\\\Flask-app-validator\\\\playwright_backend\\\\results\\\\comprehensive_task_4\\\\screenshots\\\\screenshot_0.png'",
        "[2025-10-28T09:09:20.188471Z] [INFO] Results saved to: C:\\Users\\lvg\\CODES\\Project-Validator\\Flask-app-validator\\playwright_backend\\results\\comprehensive_task_5\\test_results_20251028_143920.json",
        "[2025-10-28T09:09:20.537253Z] [INFO] Results saved to: C:\\Users\\lvg\\CODES\\Project-Validator\\Flask-app-validator\\playwright_backend\\results\\comprehensive_task_6\\test_results_20251028_143920.json",
        "[2025-10-28T10:30:12.775060Z] [ERROR] Error during custom task test execution: [WinError 183] Cannot create a file when that file already exists: 'initial_task_1.png' -> 'C:\\\\Users\\\\lvg\\\\CODES\\\\Project-Validator\\\\Flask-app-validator\\\\playwright_backend\\\\results\\\\comprehensive_task_1\\\\screenshots\\\\screenshot_0.png'",
        "[2025-10-28T10:31:14.571233Z] [ERROR] Error during custom task test execution: [WinError 183] Cannot create a file when that file already exists: 'initial_task_2.png' -> 'C:\\\\Users\\\\lvg\\\\CODES\\\\Project-Validator\\\\Flask-app-validator\\\\playwright_backend\\\\results\\\\comprehensive_task_2\\\\screenshots\\\\screenshot_0.png'",
        "[2025-10-28T10:32:13.382151Z] [ERROR] Error during custom task test execution: [WinError 183] Cannot create a file when that file already exists: 'initial_task_4.png' -> 'C:\\\\Users\\\\lvg\\\\CODES\\\\Project-Validator\\\\Flask-app-validator\\\\playwright_backend\\\\results\\\\comprehensive_task_4\\\\screenshots\\\\screenshot_0.png'",
        "[2025-10-28T10:33:14.493145Z] [ERROR] Error during custom task test execution: [WinError 183] Cannot create a file when that file already exists: 'initial_task_3.png' -> 'C:\\\\Users\\\\lvg\\\\CODES\\\\Project-Validator\\\\Flask-app-validator\\\\playwright_backend\\\\results\\\\comprehensive_task_3\\\\screenshots\\\\screenshot_0.png'",
        "[2025-10-28T10:47:45.915256Z] [ERROR] Error during custom task test execution: [WinError 183] Cannot create a file when that file already exists: 'initial_task_1.png' -> 'C:\\\\Users\\\\lvg\\\\CODES\\\\Project-Validator\\\\Flask-app-validator\\\\playwright_backend\\\\results\\\\comprehensive_task_1\\\\screenshots\\\\screenshot_0.png'",
        "[2025-10-28T10:48:47.694300Z] [ERROR] Error during custom task test execution: [WinError 183] Cannot create a file when that file already exists: 'initial_task_2.png' -> 'C:\\\\Users\\\\lvg\\\\CODES\\\\Project-Validator\\\\Flask-app-validator\\\\playwright_backend\\\\results\\\\comprehensive_task_2\\\\screenshots\\\\screenshot_0.png'",
        "[2025-10-28T10:49:46.539202Z] [ERROR] Error during custom task test execution: [WinError 183] Cannot create a file when that file already exists: 'initial_task_4.png' -> 'C:\\\\Users\\\\lvg\\\\CODES\\\\Project-Validator\\\\Flask-app-validator\\\\playwright_backend\\\\results\\\\comprehensive_task_4\\\\screenshots\\\\screenshot_0.png'",
        "[2025-10-28T10:50:47.977361Z] [ERROR] Error during custom task test execution: [WinError 183] Cannot create a file when that file already exists: 'initial_task_3.png' -> 'C:\\\\Users\\\\lvg\\\\CODES\\\\Project-Validator\\\\Flask-app-validator\\\\playwright_backend\\\\results\\\\comprehensive_task_3\\\\screenshots\\\\screenshot_0.png'",
        "[2025-10-28T11:06:41.546874Z] [ERROR] Error during custom task test execution: [WinError 183] Cannot create a file when that file already exists: 'initial_task_1.png' -> 'C:\\\\Users\\\\lvg\\\\CODES\\\\Project-Validator\\\\Flask-app-validator\\\\playwright_backend\\\\results\\\\comprehensive_task_1\\\\screenshots\\\\screenshot_0.png'",
        "[2025-10-28T11:07:43.140558Z] [ERROR] Error during custom task test execution: [WinError 183] Cannot create a file when that file already exists: 'initial_task_3.png' -> 'C:\\\\Users\\\\lvg\\\\CODES\\\\Project-Validator\\\\Flask-app-validator\\\\playwright_backend\\\\results\\\\comprehensive_task_3\\\\screenshots\\\\screenshot_0.png'"
      ],
      "errors": []
    },
    {
      "task_id": 4,
      "task_name": "Add To-do Item Functionality",
      "task_description": "Implement the functionality to add new To-do items. Create a Flask route `/add` that handles POST requests from the form on `index.html`. Users should be able to enter a task, submit it, and see it appear in the 'Incomplete Tasks' list on the home page. Handle cases where the input is empty to prevent adding blank tasks.",
      "analysis_timestamp": "2025-10-28 16:37:43",
      "configuration_analysis": {
        "required_files": [
          "templates/index.html",
          "app.py"
        ],
        "validation_rules": {
          "type": "html",
          "mustHaveLines": [
            "@app.route('/add', methods=['POST'])",
            "todoitem = request.form.get('todoitem')",
            "if todoitem:",
            "new_todo = Todo(text=todoitem)",
            "db.session.add(new_todo)",
            "db.session.commit()",
            "return redirect(url_for('index'))"
          ],
          "points": 15
        },
        "playwright_test": {
          "route": "/",
          "actions": [
            {
              "selector_type": "name",
              "selector_value": "todoitem",
              "input_variants": [
                ""
              ]
            },
            {
              "selector_type": "type",
              "selector_value": "submit",
              "click": true
            },
            {
              "selector_type": "name",
              "selector_value": "todoitem",
              "input_variants": [
                "Buy groceries"
              ]
            },
            {
              "selector_type": "type",
              "selector_value": "submit",
              "click": true
            }
          ],
          "validate": [
            {
              "type": "status_code",
              "value": "200"
            },
            {
              "type": "text_not_present",
              "value": ""
            },
            {
              "type": "text_present",
              "value": "Buy groceries"
            }
          ],
          "points": 15
        },
        "unlock_condition": {
          "min_score": 15,
          "required_tasks": [
            1,
            2,
            3
          ]
        },
        "completeness_score": 80,
        "issues": [
          "Validation file not specified"
        ],
        "recommendations": []
      },
      "test_status": "ERROR",
      "test_message": "HTTPConnectionPool(host='127.0.0.1', port=8001): Read timed out. (read timeout=60)",
      "test_details": {},
      "screenshot_captured": false,
      "screenshot_path": null,
      "validation_results": [],
      "playwright_logs": [],
      "errors": [
        "HTTPConnectionPool(host='127.0.0.1', port=8001): Read timed out. (read timeout=60)"
      ]
    },
    {
      "task_id": 5,
      "task_name": "Complete and Delete To-do Items",
      "task_description": "Implement the functionality to mark To-do items as complete and delete them. Create Flask routes `/complete/<id>` and `/delete/<id>` that handle these actions. Ensure that completing an item moves it to the 'Completed Tasks' list and deleting an item removes it from the database and the page.",
      "analysis_timestamp": "2025-10-28 16:38:43",
      "configuration_analysis": {
        "required_files": [
          "templates/index.html",
          "app.py"
        ],
        "validation_rules": {
          "type": "html",
          "mustHaveLines": [
            "@app.route('/complete/<int:id>')",
            "todo = db.session.get(Todo, id)",
            "if todo:",
            "todo.complete = True",
            "db.session.commit()",
            "@app.route('/delete/<int:id>')",
            "db.session.delete(todo)"
          ],
          "points": 15
        },
        "playwright_test": {
          "route": "/",
          "actions": [
            {
              "selector_type": "name",
              "selector_value": "todoitem",
              "input_variants": [
                "Task to complete"
              ]
            },
            {
              "selector_type": "type",
              "selector_value": "submit",
              "click": true
            },
            {
              "selector_type": "class",
              "selector_value": "complete-btn",
              "click": true
            },
            {
              "selector_type": "name",
              "selector_value": "todoitem",
              "input_variants": [
                "Task to delete"
              ]
            },
            {
              "selector_type": "type",
              "selector_value": "submit",
              "click": true
            },
            {
              "selector_type": "class",
              "selector_value": "delete-btn",
              "click": true
            }
          ],
          "validate": [
            {
              "type": "status_code",
              "value": "200"
            },
            {
              "type": "text_present",
              "value": "Task to complete"
            },
            {
              "type": "text_not_present",
              "value": "Task to delete"
            },
            {
              "type": "text_present",
              "value": "No incomplete tasks"
            }
          ],
          "points": 15
        },
        "unlock_condition": {
          "min_score": 20,
          "required_tasks": [
            1,
            2,
            3,
            4
          ]
        },
        "completeness_score": 80,
        "issues": [
          "Validation file not specified"
        ],
        "recommendations": []
      },
      "test_status": "ERROR",
      "test_message": "HTTPConnectionPool(host='127.0.0.1', port=8001): Read timed out. (read timeout=60)",
      "test_details": {},
      "screenshot_captured": false,
      "screenshot_path": null,
      "validation_results": [],
      "playwright_logs": [],
      "errors": [
        "HTTPConnectionPool(host='127.0.0.1', port=8001): Read timed out. (read timeout=60)"
      ]
    }
  ],
  "summary": {
    "total_tests": 5,
    "passed_tests": 0,
    "failed_tests": 2,
    "screenshots_captured": 2,
    "errors": []
  }
}