{
  "project_name": "Flask To-Do App",
  "project_description": "A Flask To-Do app, designed to manage daily tasks. Users can add, mark as complete, and delete tasks.",
  "verification_timestamp": "2025-10-28 14:39:06",
  "total_tasks": 6,
  "tasks": [
    {
      "task_id": 1,
      "task_name": "Project Setup and Initial App.py",
      "task_description": "Set up your Flask project with the basic file structure, including `app.py`, `templates/` folder, `static/` folder, and `requirements.txt`. Create a minimal `app.py` that can run a basic Flask application, e.g., showing a 'Hello, World!' message on the root route.",
      "analysis_timestamp": "2025-10-28 14:39:06",
      "configuration_analysis": {
        "required_files": [
          "app.py",
          "templates/",
          "static/",
          "requirements.txt"
        ],
        "validation_rules": {
          "type": "html",
          "points": 5,
          "checks": [
            "app.py exists",
            "templates folder exists",
            "static folder exists",
            "requirements.txt exists"
          ]
        },
        "playwright_test": {
          "route": "/",
          "actions": [],
          "validate": [
            {
              "type": "status_code",
              "value": "200"
            }
          ],
          "points": 5
        },
        "unlock_condition": {
          "min_score": 0,
          "required_tasks": []
        },
        "completeness_score": 70,
        "issues": [
          "Validation file not specified"
        ],
        "recommendations": [
          "Consider adding UI actions for better testing"
        ]
      },
      "test_status": "FAIL",
      "test_message": "Comprehensive test: 0/2 passed",
      "test_details": {
        "status": "completed",
        "results": [
          {
            "name": "Task 1",
            "status": "FAIL",
            "duration": 3.2081522941589355,
            "error": null,
            "screenshot": "reference_task_1.png"
          },
          {
            "name": "Task 1",
            "status": "FAIL",
            "duration": 3.209667205810547,
            "error": "[WinError 183] Cannot create a file when that file already exists: 'initial_task_1.png' -> 'C:\\\\Users\\\\lvg\\\\CODES\\\\Project-Validator\\\\Flask-app-validator\\\\playwright_backend\\\\results\\\\comprehensive_task_1\\\\screenshots\\\\screenshot_0.png'",
            "screenshot": null
          }
        ],
        "screenshots": [
          "reference_task_1.png"
        ],
        "logs": [
          "[2025-10-28T09:09:07.357500Z] [INFO] Playwright initialized successfully",
          "[2025-10-28T09:09:08.969709Z] [INFO] Browser launched successfully",
          "[2025-10-28T09:09:10.567098Z] [ERROR] Error during custom task test execution: [WinError 183] Cannot create a file when that file already exists: 'initial_task_1.png' -> 'C:\\\\Users\\\\lvg\\\\CODES\\\\Project-Validator\\\\Flask-app-validator\\\\playwright_backend\\\\results\\\\comprehensive_task_1\\\\screenshots\\\\screenshot_0.png'"
        ],
        "total_tests": 2,
        "passed_tests": 0,
        "failed_tests": 2,
        "execution_time": 4.306349515914917
      },
      "screenshot_captured": true,
      "screenshot_path": "reference_task_1.png",
      "validation_results": [
        {
          "name": "Task 1",
          "status": "FAIL",
          "duration": 3.2081522941589355,
          "error": null,
          "screenshot": "reference_task_1.png"
        },
        {
          "name": "Task 1",
          "status": "FAIL",
          "duration": 3.209667205810547,
          "error": "[WinError 183] Cannot create a file when that file already exists: 'initial_task_1.png' -> 'C:\\\\Users\\\\lvg\\\\CODES\\\\Project-Validator\\\\Flask-app-validator\\\\playwright_backend\\\\results\\\\comprehensive_task_1\\\\screenshots\\\\screenshot_0.png'",
          "screenshot": null
        }
      ],
      "playwright_logs": [
        "[2025-10-28T09:09:07.357500Z] [INFO] Playwright initialized successfully",
        "[2025-10-28T09:09:08.969709Z] [INFO] Browser launched successfully",
        "[2025-10-28T09:09:10.567098Z] [ERROR] Error during custom task test execution: [WinError 183] Cannot create a file when that file already exists: 'initial_task_1.png' -> 'C:\\\\Users\\\\lvg\\\\CODES\\\\Project-Validator\\\\Flask-app-validator\\\\playwright_backend\\\\results\\\\comprehensive_task_1\\\\screenshots\\\\screenshot_0.png'"
      ],
      "errors": []
    },
    {
      "task_id": 2,
      "task_name": "Database Configuration",
      "task_description": "Configure your Flask application to use a database (e.g., SQLite) for storing To-Do items. Define a `Todo` model within `app.py` (or a separate model file) with fields for `id`, `text`, and `complete` status. Initialize the database for your application.",
      "analysis_timestamp": "2025-10-28 14:39:10",
      "configuration_analysis": {
        "required_files": [
          "app.py"
        ],
        "validation_rules": {
          "type": "html",
          "points": 15,
          "checks": [
            "SQLAlchemy imported in app.py",
            "Database URI configured in app.py",
            "Todo model defined with 'text' and 'complete' fields"
          ]
        },
        "playwright_test": {
          "route": "/",
          "actions": [],
          "validate": [
            {
              "type": "status_code",
              "value": "200"
            }
          ],
          "points": 1
        },
        "unlock_condition": {
          "min_score": 5,
          "required_tasks": [
            1
          ]
        },
        "completeness_score": 70,
        "issues": [
          "Validation file not specified"
        ],
        "recommendations": [
          "Consider adding UI actions for better testing"
        ]
      },
      "test_status": "FAIL",
      "test_message": "Comprehensive test: 0/2 passed",
      "test_details": {
        "status": "completed",
        "results": [
          {
            "name": "Task 2",
            "status": "FAIL",
            "duration": 1.135028600692749,
            "error": null,
            "screenshot": "reference_task_2.png"
          },
          {
            "name": "Task 2",
            "status": "FAIL",
            "duration": 1.1362781524658203,
            "error": "[WinError 183] Cannot create a file when that file already exists: 'initial_task_2.png' -> 'C:\\\\Users\\\\lvg\\\\CODES\\\\Project-Validator\\\\Flask-app-validator\\\\playwright_backend\\\\results\\\\comprehensive_task_2\\\\screenshots\\\\screenshot_0.png'",
            "screenshot": null
          }
        ],
        "screenshots": [
          "reference_task_2.png"
        ],
        "logs": [
          "[2025-10-28T09:09:07.357500Z] [INFO] Playwright initialized successfully",
          "[2025-10-28T09:09:08.969709Z] [INFO] Browser launched successfully",
          "[2025-10-28T09:09:10.567098Z] [ERROR] Error during custom task test execution: [WinError 183] Cannot create a file when that file already exists: 'initial_task_1.png' -> 'C:\\\\Users\\\\lvg\\\\CODES\\\\Project-Validator\\\\Flask-app-validator\\\\playwright_backend\\\\results\\\\comprehensive_task_1\\\\screenshots\\\\screenshot_0.png'",
          "[2025-10-28T09:09:11.712021Z] [ERROR] Error during custom task test execution: [WinError 183] Cannot create a file when that file already exists: 'initial_task_2.png' -> 'C:\\\\Users\\\\lvg\\\\CODES\\\\Project-Validator\\\\Flask-app-validator\\\\playwright_backend\\\\results\\\\comprehensive_task_2\\\\screenshots\\\\screenshot_0.png'"
        ],
        "total_tests": 2,
        "passed_tests": 0,
        "failed_tests": 2,
        "execution_time": 1.1362946033477783
      },
      "screenshot_captured": true,
      "screenshot_path": "reference_task_2.png",
      "validation_results": [
        {
          "name": "Task 2",
          "status": "FAIL",
          "duration": 1.135028600692749,
          "error": null,
          "screenshot": "reference_task_2.png"
        },
        {
          "name": "Task 2",
          "status": "FAIL",
          "duration": 1.1362781524658203,
          "error": "[WinError 183] Cannot create a file when that file already exists: 'initial_task_2.png' -> 'C:\\\\Users\\\\lvg\\\\CODES\\\\Project-Validator\\\\Flask-app-validator\\\\playwright_backend\\\\results\\\\comprehensive_task_2\\\\screenshots\\\\screenshot_0.png'",
          "screenshot": null
        }
      ],
      "playwright_logs": [
        "[2025-10-28T09:09:07.357500Z] [INFO] Playwright initialized successfully",
        "[2025-10-28T09:09:08.969709Z] [INFO] Browser launched successfully",
        "[2025-10-28T09:09:10.567098Z] [ERROR] Error during custom task test execution: [WinError 183] Cannot create a file when that file already exists: 'initial_task_1.png' -> 'C:\\\\Users\\\\lvg\\\\CODES\\\\Project-Validator\\\\Flask-app-validator\\\\playwright_backend\\\\results\\\\comprehensive_task_1\\\\screenshots\\\\screenshot_0.png'",
        "[2025-10-28T09:09:11.712021Z] [ERROR] Error during custom task test execution: [WinError 183] Cannot create a file when that file already exists: 'initial_task_2.png' -> 'C:\\\\Users\\\\lvg\\\\CODES\\\\Project-Validator\\\\Flask-app-validator\\\\playwright_backend\\\\results\\\\comprehensive_task_2\\\\screenshots\\\\screenshot_0.png'"
      ],
      "errors": []
    },
    {
      "task_id": 3,
      "task_name": "Home Page with Add Task Form",
      "task_description": "Create the main To-Do list page (`templates/index.html`) using a `templates/base.html` layout. Implement a form to add new To-Do items. This form should submit to the `/add` route, and the home page should display incomplete and completed tasks from the database.",
      "analysis_timestamp": "2025-10-28 14:39:11",
      "configuration_analysis": {
        "required_files": [
          "app.py",
          "templates/base.html",
          "templates/index.html"
        ],
        "validation_rules": {
          "type": "html",
          "file": "templates/index.html",
          "mustHaveElements": [
            "h1",
            "form",
            "input[name='todoitem']",
            "input[type='submit']",
            "ul",
            "div.incomplete-items",
            "div.completed-items"
          ],
          "mustHaveContent": [
            "Todo List",
            "Incomplete Tasks",
            "Completed Tasks",
            "Add Task"
          ],
          "points": 10
        },
        "playwright_test": {
          "route": "/",
          "actions": [
            {
              "selector_type": "name",
              "selector_value": "todoitem",
              "input_variants": [
                "My first task"
              ]
            },
            {
              "selector_type": "class",
              "selector_value": "button",
              "click": true
            },
            {
              "selector_type": "name",
              "selector_value": "todoitem",
              "input_variants": [
                ""
              ]
            },
            {
              "selector_type": "class",
              "selector_value": "button",
              "click": true
            }
          ],
          "validate": [
            {
              "type": "text_present",
              "value": "My first task"
            },
            {
              "type": "text_present",
              "value": "No incomplete tasks"
            }
          ],
          "points": 15
        },
        "unlock_condition": {
          "min_score": 10,
          "required_tasks": [
            1,
            2
          ]
        },
        "completeness_score": 100,
        "issues": [],
        "recommendations": []
      },
      "test_status": "FAIL",
      "test_message": "Comprehensive test: 0/2 passed",
      "test_details": {
        "status": "completed",
        "results": [
          {
            "name": "Task 3",
            "status": "FAIL",
            "duration": 3.5200324058532715,
            "error": null,
            "screenshot": "reference_task_3.png"
          },
          {
            "name": "Task 3",
            "status": "FAIL",
            "duration": 3.521226167678833,
            "error": "[WinError 183] Cannot create a file when that file already exists: 'initial_task_3.png' -> 'C:\\\\Users\\\\lvg\\\\CODES\\\\Project-Validator\\\\Flask-app-validator\\\\playwright_backend\\\\results\\\\comprehensive_task_3\\\\screenshots\\\\screenshot_0.png'",
            "screenshot": null
          }
        ],
        "screenshots": [
          "reference_task_3.png"
        ],
        "logs": [
          "[2025-10-28T09:09:07.357500Z] [INFO] Playwright initialized successfully",
          "[2025-10-28T09:09:08.969709Z] [INFO] Browser launched successfully",
          "[2025-10-28T09:09:10.567098Z] [ERROR] Error during custom task test execution: [WinError 183] Cannot create a file when that file already exists: 'initial_task_1.png' -> 'C:\\\\Users\\\\lvg\\\\CODES\\\\Project-Validator\\\\Flask-app-validator\\\\playwright_backend\\\\results\\\\comprehensive_task_1\\\\screenshots\\\\screenshot_0.png'",
          "[2025-10-28T09:09:11.712021Z] [ERROR] Error during custom task test execution: [WinError 183] Cannot create a file when that file already exists: 'initial_task_2.png' -> 'C:\\\\Users\\\\lvg\\\\CODES\\\\Project-Validator\\\\Flask-app-validator\\\\playwright_backend\\\\results\\\\comprehensive_task_2\\\\screenshots\\\\screenshot_0.png'",
          "[2025-10-28T09:09:15.238341Z] [ERROR] Error during custom task test execution: [WinError 183] Cannot create a file when that file already exists: 'initial_task_3.png' -> 'C:\\\\Users\\\\lvg\\\\CODES\\\\Project-Validator\\\\Flask-app-validator\\\\playwright_backend\\\\results\\\\comprehensive_task_3\\\\screenshots\\\\screenshot_0.png'"
        ],
        "total_tests": 2,
        "passed_tests": 0,
        "failed_tests": 2,
        "execution_time": 3.5212416648864746
      },
      "screenshot_captured": true,
      "screenshot_path": "reference_task_3.png",
      "validation_results": [
        {
          "name": "Task 3",
          "status": "FAIL",
          "duration": 3.5200324058532715,
          "error": null,
          "screenshot": "reference_task_3.png"
        },
        {
          "name": "Task 3",
          "status": "FAIL",
          "duration": 3.521226167678833,
          "error": "[WinError 183] Cannot create a file when that file already exists: 'initial_task_3.png' -> 'C:\\\\Users\\\\lvg\\\\CODES\\\\Project-Validator\\\\Flask-app-validator\\\\playwright_backend\\\\results\\\\comprehensive_task_3\\\\screenshots\\\\screenshot_0.png'",
          "screenshot": null
        }
      ],
      "playwright_logs": [
        "[2025-10-28T09:09:07.357500Z] [INFO] Playwright initialized successfully",
        "[2025-10-28T09:09:08.969709Z] [INFO] Browser launched successfully",
        "[2025-10-28T09:09:10.567098Z] [ERROR] Error during custom task test execution: [WinError 183] Cannot create a file when that file already exists: 'initial_task_1.png' -> 'C:\\\\Users\\\\lvg\\\\CODES\\\\Project-Validator\\\\Flask-app-validator\\\\playwright_backend\\\\results\\\\comprehensive_task_1\\\\screenshots\\\\screenshot_0.png'",
        "[2025-10-28T09:09:11.712021Z] [ERROR] Error during custom task test execution: [WinError 183] Cannot create a file when that file already exists: 'initial_task_2.png' -> 'C:\\\\Users\\\\lvg\\\\CODES\\\\Project-Validator\\\\Flask-app-validator\\\\playwright_backend\\\\results\\\\comprehensive_task_2\\\\screenshots\\\\screenshot_0.png'",
        "[2025-10-28T09:09:15.238341Z] [ERROR] Error during custom task test execution: [WinError 183] Cannot create a file when that file already exists: 'initial_task_3.png' -> 'C:\\\\Users\\\\lvg\\\\CODES\\\\Project-Validator\\\\Flask-app-validator\\\\playwright_backend\\\\results\\\\comprehensive_task_3\\\\screenshots\\\\screenshot_0.png'"
      ],
      "errors": []
    },
    {
      "task_id": 4,
      "task_name": "Complete and Delete Task Functionality",
      "task_description": "Implement the functionality to mark a To-Do item as complete and to delete tasks. Create Flask routes in `app.py` for `/complete/<int:id>` and `/delete/<int:id>`. Ensure the `index.html` page includes appropriate links or buttons for these actions.",
      "analysis_timestamp": "2025-10-28 14:39:15",
      "configuration_analysis": {
        "required_files": [
          "app.py",
          "templates/index.html"
        ],
        "validation_rules": {
          "type": "html",
          "points": 10,
          "checks": [
            "Route '/complete/<int:id>' implemented in app.py",
            "Route '/delete/<int:id>' implemented in app.py"
          ]
        },
        "playwright_test": {
          "route": "/",
          "actions": [
            {
              "selector_type": "name",
              "selector_value": "todoitem",
              "input_variants": [
                "Task to complete"
              ]
            },
            {
              "selector_type": "class",
              "selector_value": "button",
              "click": true
            },
            {
              "selector_type": "class",
              "selector_value": "complete-btn",
              "click": true
            },
            {
              "selector_type": "name",
              "selector_value": "todoitem",
              "input_variants": [
                "Task to delete"
              ]
            },
            {
              "selector_type": "class",
              "selector_value": "button",
              "click": true
            },
            {
              "selector_type": "class",
              "selector_value": "delete-btn",
              "click": true
            }
          ],
          "validate": [
            {
              "type": "text_present",
              "value": "Task to complete"
            },
            {
              "type": "text_present",
              "value": "No incomplete tasks"
            },
            {
              "type": "status_code",
              "value": "200"
            }
          ],
          "points": 15
        },
        "unlock_condition": {
          "min_score": 15,
          "required_tasks": [
            1,
            2,
            3
          ]
        },
        "completeness_score": 80,
        "issues": [
          "Validation file not specified"
        ],
        "recommendations": []
      },
      "test_status": "FAIL",
      "test_message": "Comprehensive test: 0/2 passed",
      "test_details": {
        "status": "completed",
        "results": [
          {
            "name": "Task 4",
            "status": "FAIL",
            "duration": 4.573139429092407,
            "error": null,
            "screenshot": "reference_task_4.png"
          },
          {
            "name": "Task 4",
            "status": "FAIL",
            "duration": 4.574215650558472,
            "error": "[WinError 183] Cannot create a file when that file already exists: 'initial_task_4.png' -> 'C:\\\\Users\\\\lvg\\\\CODES\\\\Project-Validator\\\\Flask-app-validator\\\\playwright_backend\\\\results\\\\comprehensive_task_4\\\\screenshots\\\\screenshot_0.png'",
            "screenshot": null
          }
        ],
        "screenshots": [
          "reference_task_4.png"
        ],
        "logs": [
          "[2025-10-28T09:09:07.357500Z] [INFO] Playwright initialized successfully",
          "[2025-10-28T09:09:08.969709Z] [INFO] Browser launched successfully",
          "[2025-10-28T09:09:10.567098Z] [ERROR] Error during custom task test execution: [WinError 183] Cannot create a file when that file already exists: 'initial_task_1.png' -> 'C:\\\\Users\\\\lvg\\\\CODES\\\\Project-Validator\\\\Flask-app-validator\\\\playwright_backend\\\\results\\\\comprehensive_task_1\\\\screenshots\\\\screenshot_0.png'",
          "[2025-10-28T09:09:11.712021Z] [ERROR] Error during custom task test execution: [WinError 183] Cannot create a file when that file already exists: 'initial_task_2.png' -> 'C:\\\\Users\\\\lvg\\\\CODES\\\\Project-Validator\\\\Flask-app-validator\\\\playwright_backend\\\\results\\\\comprehensive_task_2\\\\screenshots\\\\screenshot_0.png'",
          "[2025-10-28T09:09:15.238341Z] [ERROR] Error during custom task test execution: [WinError 183] Cannot create a file when that file already exists: 'initial_task_3.png' -> 'C:\\\\Users\\\\lvg\\\\CODES\\\\Project-Validator\\\\Flask-app-validator\\\\playwright_backend\\\\results\\\\comprehensive_task_3\\\\screenshots\\\\screenshot_0.png'",
          "[2025-10-28T09:09:19.834978Z] [ERROR] Error during custom task test execution: [WinError 183] Cannot create a file when that file already exists: 'initial_task_4.png' -> 'C:\\\\Users\\\\lvg\\\\CODES\\\\Project-Validator\\\\Flask-app-validator\\\\playwright_backend\\\\results\\\\comprehensive_task_4\\\\screenshots\\\\screenshot_0.png'"
        ],
        "total_tests": 2,
        "passed_tests": 0,
        "failed_tests": 2,
        "execution_time": 4.574228286743164
      },
      "screenshot_captured": true,
      "screenshot_path": "reference_task_4.png",
      "validation_results": [
        {
          "name": "Task 4",
          "status": "FAIL",
          "duration": 4.573139429092407,
          "error": null,
          "screenshot": "reference_task_4.png"
        },
        {
          "name": "Task 4",
          "status": "FAIL",
          "duration": 4.574215650558472,
          "error": "[WinError 183] Cannot create a file when that file already exists: 'initial_task_4.png' -> 'C:\\\\Users\\\\lvg\\\\CODES\\\\Project-Validator\\\\Flask-app-validator\\\\playwright_backend\\\\results\\\\comprehensive_task_4\\\\screenshots\\\\screenshot_0.png'",
          "screenshot": null
        }
      ],
      "playwright_logs": [
        "[2025-10-28T09:09:07.357500Z] [INFO] Playwright initialized successfully",
        "[2025-10-28T09:09:08.969709Z] [INFO] Browser launched successfully",
        "[2025-10-28T09:09:10.567098Z] [ERROR] Error during custom task test execution: [WinError 183] Cannot create a file when that file already exists: 'initial_task_1.png' -> 'C:\\\\Users\\\\lvg\\\\CODES\\\\Project-Validator\\\\Flask-app-validator\\\\playwright_backend\\\\results\\\\comprehensive_task_1\\\\screenshots\\\\screenshot_0.png'",
        "[2025-10-28T09:09:11.712021Z] [ERROR] Error during custom task test execution: [WinError 183] Cannot create a file when that file already exists: 'initial_task_2.png' -> 'C:\\\\Users\\\\lvg\\\\CODES\\\\Project-Validator\\\\Flask-app-validator\\\\playwright_backend\\\\results\\\\comprehensive_task_2\\\\screenshots\\\\screenshot_0.png'",
        "[2025-10-28T09:09:15.238341Z] [ERROR] Error during custom task test execution: [WinError 183] Cannot create a file when that file already exists: 'initial_task_3.png' -> 'C:\\\\Users\\\\lvg\\\\CODES\\\\Project-Validator\\\\Flask-app-validator\\\\playwright_backend\\\\results\\\\comprehensive_task_3\\\\screenshots\\\\screenshot_0.png'",
        "[2025-10-28T09:09:19.834978Z] [ERROR] Error during custom task test execution: [WinError 183] Cannot create a file when that file already exists: 'initial_task_4.png' -> 'C:\\\\Users\\\\lvg\\\\CODES\\\\Project-Validator\\\\Flask-app-validator\\\\playwright_backend\\\\results\\\\comprehensive_task_4\\\\screenshots\\\\screenshot_0.png'"
      ],
      "errors": []
    },
    {
      "task_id": 5,
      "task_name": "About Page",
      "task_description": "Create an 'About Us' page (`templates/about.html`) that extends `base.html`. Add descriptive content about the project and create a corresponding Flask route `/about` in `app.py`.",
      "analysis_timestamp": "2025-10-28 14:39:19",
      "configuration_analysis": {
        "required_files": [
          "app.py",
          "templates/about.html"
        ],
        "validation_rules": {
          "type": "html",
          "file": "templates/about.html",
          "mustHaveElements": [
            "h1"
          ],
          "mustHaveContent": [
            "About Us",
            "Custom Flask Project"
          ],
          "points": 5
        },
        "playwright_test": {
          "route": "/about",
          "actions": [],
          "validate": [
            {
              "type": "text_present",
              "value": "About Us"
            },
            {
              "type": "status_code",
              "value": "200"
            }
          ],
          "points": 5
        },
        "unlock_condition": {
          "min_score": 10,
          "required_tasks": [
            1,
            2,
            3,
            4
          ]
        },
        "completeness_score": 90,
        "issues": [],
        "recommendations": [
          "Consider adding UI actions for better testing"
        ]
      },
      "test_status": "FAIL",
      "test_message": "Comprehensive test: 0/1 passed",
      "test_details": {
        "status": "completed",
        "results": [
          {
            "name": "Task 5",
            "status": "FAIL",
            "duration": 0.342026948928833,
            "error": null,
            "screenshot": "reference_task_5.png"
          }
        ],
        "screenshots": [
          "reference_task_5.png"
        ],
        "logs": [
          "[2025-10-28T09:09:07.357500Z] [INFO] Playwright initialized successfully",
          "[2025-10-28T09:09:08.969709Z] [INFO] Browser launched successfully",
          "[2025-10-28T09:09:10.567098Z] [ERROR] Error during custom task test execution: [WinError 183] Cannot create a file when that file already exists: 'initial_task_1.png' -> 'C:\\\\Users\\\\lvg\\\\CODES\\\\Project-Validator\\\\Flask-app-validator\\\\playwright_backend\\\\results\\\\comprehensive_task_1\\\\screenshots\\\\screenshot_0.png'",
          "[2025-10-28T09:09:11.712021Z] [ERROR] Error during custom task test execution: [WinError 183] Cannot create a file when that file already exists: 'initial_task_2.png' -> 'C:\\\\Users\\\\lvg\\\\CODES\\\\Project-Validator\\\\Flask-app-validator\\\\playwright_backend\\\\results\\\\comprehensive_task_2\\\\screenshots\\\\screenshot_0.png'",
          "[2025-10-28T09:09:15.238341Z] [ERROR] Error during custom task test execution: [WinError 183] Cannot create a file when that file already exists: 'initial_task_3.png' -> 'C:\\\\Users\\\\lvg\\\\CODES\\\\Project-Validator\\\\Flask-app-validator\\\\playwright_backend\\\\results\\\\comprehensive_task_3\\\\screenshots\\\\screenshot_0.png'",
          "[2025-10-28T09:09:19.834978Z] [ERROR] Error during custom task test execution: [WinError 183] Cannot create a file when that file already exists: 'initial_task_4.png' -> 'C:\\\\Users\\\\lvg\\\\CODES\\\\Project-Validator\\\\Flask-app-validator\\\\playwright_backend\\\\results\\\\comprehensive_task_4\\\\screenshots\\\\screenshot_0.png'",
          "[2025-10-28T09:09:20.188471Z] [INFO] Results saved to: C:\\Users\\lvg\\CODES\\Project-Validator\\Flask-app-validator\\playwright_backend\\results\\comprehensive_task_5\\test_results_20251028_143920.json"
        ],
        "total_tests": 1,
        "passed_tests": 0,
        "failed_tests": 1,
        "execution_time": 0.3487563133239746
      },
      "screenshot_captured": true,
      "screenshot_path": "reference_task_5.png",
      "validation_results": [
        {
          "name": "Task 5",
          "status": "FAIL",
          "duration": 0.342026948928833,
          "error": null,
          "screenshot": "reference_task_5.png"
        }
      ],
      "playwright_logs": [
        "[2025-10-28T09:09:07.357500Z] [INFO] Playwright initialized successfully",
        "[2025-10-28T09:09:08.969709Z] [INFO] Browser launched successfully",
        "[2025-10-28T09:09:10.567098Z] [ERROR] Error during custom task test execution: [WinError 183] Cannot create a file when that file already exists: 'initial_task_1.png' -> 'C:\\\\Users\\\\lvg\\\\CODES\\\\Project-Validator\\\\Flask-app-validator\\\\playwright_backend\\\\results\\\\comprehensive_task_1\\\\screenshots\\\\screenshot_0.png'",
        "[2025-10-28T09:09:11.712021Z] [ERROR] Error during custom task test execution: [WinError 183] Cannot create a file when that file already exists: 'initial_task_2.png' -> 'C:\\\\Users\\\\lvg\\\\CODES\\\\Project-Validator\\\\Flask-app-validator\\\\playwright_backend\\\\results\\\\comprehensive_task_2\\\\screenshots\\\\screenshot_0.png'",
        "[2025-10-28T09:09:15.238341Z] [ERROR] Error during custom task test execution: [WinError 183] Cannot create a file when that file already exists: 'initial_task_3.png' -> 'C:\\\\Users\\\\lvg\\\\CODES\\\\Project-Validator\\\\Flask-app-validator\\\\playwright_backend\\\\results\\\\comprehensive_task_3\\\\screenshots\\\\screenshot_0.png'",
        "[2025-10-28T09:09:19.834978Z] [ERROR] Error during custom task test execution: [WinError 183] Cannot create a file when that file already exists: 'initial_task_4.png' -> 'C:\\\\Users\\\\lvg\\\\CODES\\\\Project-Validator\\\\Flask-app-validator\\\\playwright_backend\\\\results\\\\comprehensive_task_4\\\\screenshots\\\\screenshot_0.png'",
        "[2025-10-28T09:09:20.188471Z] [INFO] Results saved to: C:\\Users\\lvg\\CODES\\Project-Validator\\Flask-app-validator\\playwright_backend\\results\\comprehensive_task_5\\test_results_20251028_143920.json"
      ],
      "errors": []
    },
    {
      "task_id": 6,
      "task_name": "Contact Page",
      "task_description": "Create a 'Contact Us' page (`templates/contact.html`) that extends `base.html`. Add placeholder contact information or a simple form, and create a corresponding Flask route `/contact` in `app.py`.",
      "analysis_timestamp": "2025-10-28 14:39:20",
      "configuration_analysis": {
        "required_files": [
          "app.py",
          "templates/contact.html"
        ],
        "validation_rules": {
          "type": "html",
          "file": "templates/contact.html",
          "mustHaveElements": [
            "h1"
          ],
          "mustHaveContent": [
            "Contact Us"
          ],
          "points": 5
        },
        "playwright_test": {
          "route": "/contact",
          "actions": [],
          "validate": [
            {
              "type": "text_present",
              "value": "Contact Us"
            },
            {
              "type": "status_code",
              "value": "200"
            }
          ],
          "points": 5
        },
        "unlock_condition": {
          "min_score": 10,
          "required_tasks": [
            1,
            2,
            3,
            4,
            5
          ]
        },
        "completeness_score": 90,
        "issues": [],
        "recommendations": [
          "Consider adding UI actions for better testing"
        ]
      },
      "test_status": "FAIL",
      "test_message": "Comprehensive test: 0/1 passed",
      "test_details": {
        "status": "completed",
        "results": [
          {
            "name": "Task 6",
            "status": "FAIL",
            "duration": 0.3375401496887207,
            "error": null,
            "screenshot": "reference_task_6.png"
          }
        ],
        "screenshots": [
          "reference_task_6.png"
        ],
        "logs": [
          "[2025-10-28T09:09:07.357500Z] [INFO] Playwright initialized successfully",
          "[2025-10-28T09:09:08.969709Z] [INFO] Browser launched successfully",
          "[2025-10-28T09:09:10.567098Z] [ERROR] Error during custom task test execution: [WinError 183] Cannot create a file when that file already exists: 'initial_task_1.png' -> 'C:\\\\Users\\\\lvg\\\\CODES\\\\Project-Validator\\\\Flask-app-validator\\\\playwright_backend\\\\results\\\\comprehensive_task_1\\\\screenshots\\\\screenshot_0.png'",
          "[2025-10-28T09:09:11.712021Z] [ERROR] Error during custom task test execution: [WinError 183] Cannot create a file when that file already exists: 'initial_task_2.png' -> 'C:\\\\Users\\\\lvg\\\\CODES\\\\Project-Validator\\\\Flask-app-validator\\\\playwright_backend\\\\results\\\\comprehensive_task_2\\\\screenshots\\\\screenshot_0.png'",
          "[2025-10-28T09:09:15.238341Z] [ERROR] Error during custom task test execution: [WinError 183] Cannot create a file when that file already exists: 'initial_task_3.png' -> 'C:\\\\Users\\\\lvg\\\\CODES\\\\Project-Validator\\\\Flask-app-validator\\\\playwright_backend\\\\results\\\\comprehensive_task_3\\\\screenshots\\\\screenshot_0.png'",
          "[2025-10-28T09:09:19.834978Z] [ERROR] Error during custom task test execution: [WinError 183] Cannot create a file when that file already exists: 'initial_task_4.png' -> 'C:\\\\Users\\\\lvg\\\\CODES\\\\Project-Validator\\\\Flask-app-validator\\\\playwright_backend\\\\results\\\\comprehensive_task_4\\\\screenshots\\\\screenshot_0.png'",
          "[2025-10-28T09:09:20.188471Z] [INFO] Results saved to: C:\\Users\\lvg\\CODES\\Project-Validator\\Flask-app-validator\\playwright_backend\\results\\comprehensive_task_5\\test_results_20251028_143920.json",
          "[2025-10-28T09:09:20.537253Z] [INFO] Results saved to: C:\\Users\\lvg\\CODES\\Project-Validator\\Flask-app-validator\\playwright_backend\\results\\comprehensive_task_6\\test_results_20251028_143920.json"
        ],
        "total_tests": 1,
        "passed_tests": 0,
        "failed_tests": 1,
        "execution_time": 0.3431377410888672
      },
      "screenshot_captured": true,
      "screenshot_path": "reference_task_6.png",
      "validation_results": [
        {
          "name": "Task 6",
          "status": "FAIL",
          "duration": 0.3375401496887207,
          "error": null,
          "screenshot": "reference_task_6.png"
        }
      ],
      "playwright_logs": [
        "[2025-10-28T09:09:07.357500Z] [INFO] Playwright initialized successfully",
        "[2025-10-28T09:09:08.969709Z] [INFO] Browser launched successfully",
        "[2025-10-28T09:09:10.567098Z] [ERROR] Error during custom task test execution: [WinError 183] Cannot create a file when that file already exists: 'initial_task_1.png' -> 'C:\\\\Users\\\\lvg\\\\CODES\\\\Project-Validator\\\\Flask-app-validator\\\\playwright_backend\\\\results\\\\comprehensive_task_1\\\\screenshots\\\\screenshot_0.png'",
        "[2025-10-28T09:09:11.712021Z] [ERROR] Error during custom task test execution: [WinError 183] Cannot create a file when that file already exists: 'initial_task_2.png' -> 'C:\\\\Users\\\\lvg\\\\CODES\\\\Project-Validator\\\\Flask-app-validator\\\\playwright_backend\\\\results\\\\comprehensive_task_2\\\\screenshots\\\\screenshot_0.png'",
        "[2025-10-28T09:09:15.238341Z] [ERROR] Error during custom task test execution: [WinError 183] Cannot create a file when that file already exists: 'initial_task_3.png' -> 'C:\\\\Users\\\\lvg\\\\CODES\\\\Project-Validator\\\\Flask-app-validator\\\\playwright_backend\\\\results\\\\comprehensive_task_3\\\\screenshots\\\\screenshot_0.png'",
        "[2025-10-28T09:09:19.834978Z] [ERROR] Error during custom task test execution: [WinError 183] Cannot create a file when that file already exists: 'initial_task_4.png' -> 'C:\\\\Users\\\\lvg\\\\CODES\\\\Project-Validator\\\\Flask-app-validator\\\\playwright_backend\\\\results\\\\comprehensive_task_4\\\\screenshots\\\\screenshot_0.png'",
        "[2025-10-28T09:09:20.188471Z] [INFO] Results saved to: C:\\Users\\lvg\\CODES\\Project-Validator\\Flask-app-validator\\playwright_backend\\results\\comprehensive_task_5\\test_results_20251028_143920.json",
        "[2025-10-28T09:09:20.537253Z] [INFO] Results saved to: C:\\Users\\lvg\\CODES\\Project-Validator\\Flask-app-validator\\playwright_backend\\results\\comprehensive_task_6\\test_results_20251028_143920.json"
      ],
      "errors": []
    }
  ],
  "summary": {
    "total_tests": 6,
    "passed_tests": 0,
    "failed_tests": 6,
    "screenshots_captured": 6,
    "errors": []
  }
}