{
  "project_name": "Todo App",
  "project_description": "A Flask web application that allows users to manage a list of todo items, including adding new tasks, marking them as complete, and deleting them. The project also includes static About and Contact pages.",
  "verification_timestamp": "2025-10-28 16:17:45",
  "total_tasks": 4,
  "tasks": [
    {
      "task_id": 1,
      "task_name": "Project Setup and Base HTML",
      "task_description": "Set up your Flask project with the basic file structure, create a `requirements.txt` file listing Flask as a dependency, and design a `base.html` template for a consistent layout across your web pages. Ensure your `app.py` is ready to serve content.",
      "analysis_timestamp": "2025-10-28 16:17:45",
      "configuration_analysis": {
        "required_files": [
          "app.py",
          "templates/",
          "static/",
          "requirements.txt",
          "templates/base.html"
        ],
        "validation_rules": {
          "type": "html",
          "points": 15,
          "rules": [
            {
              "type": "structure",
              "points": 5,
              "checks": [
                "app.py exists",
                "templates/ folder exists",
                "static/ folder exists",
                "requirements.txt exists",
                "templates/base.html exists"
              ]
            },
            {
              "type": "requirements",
              "points": 5,
              "contains": [
                "Flask"
              ]
            },
            {
              "type": "html",
              "file": "templates/base.html",
              "mustHaveElements": [
                "html",
                "head",
                "body",
                "title",
                "link"
              ],
              "mustHaveContent": [
                "Todo App"
              ],
              "points": 5
            }
          ]
        },
        "playwright_test": {
          "route": "/",
          "actions": [],
          "validate": [
            {
              "type": "status_code",
              "value": "200"
            }
          ],
          "points": 1
        },
        "unlock_condition": {
          "min_score": 0,
          "required_tasks": []
        },
        "completeness_score": 70,
        "issues": [
          "Validation file not specified"
        ],
        "recommendations": [
          "Consider adding UI actions for better testing"
        ]
      },
      "test_status": "FAIL",
      "test_message": "Comprehensive test: 0/2 passed",
      "test_details": {
        "status": "completed",
        "results": [
          {
            "name": "Task 1",
            "status": "FAIL",
            "duration": 0.7768492698669434,
            "error": null,
            "screenshot": "reference_task_1.png"
          },
          {
            "name": "Task 1",
            "status": "FAIL",
            "duration": 0.7778632640838623,
            "error": "[WinError 183] Cannot create a file when that file already exists: 'initial_task_1.png' -> 'C:\\\\Users\\\\lvg\\\\CODES\\\\Project-Validator\\\\Flask-app-validator\\\\playwright_backend\\\\results\\\\comprehensive_task_1\\\\screenshots\\\\screenshot_0.png'",
            "screenshot": null
          }
        ],
        "screenshots": [
          "reference_task_1.png"
        ],
        "logs": [
          "[2025-10-28T09:09:07.357500Z] [INFO] Playwright initialized successfully",
          "[2025-10-28T09:09:08.969709Z] [INFO] Browser launched successfully",
          "[2025-10-28T09:09:10.567098Z] [ERROR] Error during custom task test execution: [WinError 183] Cannot create a file when that file already exists: 'initial_task_1.png' -> 'C:\\\\Users\\\\lvg\\\\CODES\\\\Project-Validator\\\\Flask-app-validator\\\\playwright_backend\\\\results\\\\comprehensive_task_1\\\\screenshots\\\\screenshot_0.png'",
          "[2025-10-28T09:09:11.712021Z] [ERROR] Error during custom task test execution: [WinError 183] Cannot create a file when that file already exists: 'initial_task_2.png' -> 'C:\\\\Users\\\\lvg\\\\CODES\\\\Project-Validator\\\\Flask-app-validator\\\\playwright_backend\\\\results\\\\comprehensive_task_2\\\\screenshots\\\\screenshot_0.png'",
          "[2025-10-28T09:09:15.238341Z] [ERROR] Error during custom task test execution: [WinError 183] Cannot create a file when that file already exists: 'initial_task_3.png' -> 'C:\\\\Users\\\\lvg\\\\CODES\\\\Project-Validator\\\\Flask-app-validator\\\\playwright_backend\\\\results\\\\comprehensive_task_3\\\\screenshots\\\\screenshot_0.png'",
          "[2025-10-28T09:09:19.834978Z] [ERROR] Error during custom task test execution: [WinError 183] Cannot create a file when that file already exists: 'initial_task_4.png' -> 'C:\\\\Users\\\\lvg\\\\CODES\\\\Project-Validator\\\\Flask-app-validator\\\\playwright_backend\\\\results\\\\comprehensive_task_4\\\\screenshots\\\\screenshot_0.png'",
          "[2025-10-28T09:09:20.188471Z] [INFO] Results saved to: C:\\Users\\lvg\\CODES\\Project-Validator\\Flask-app-validator\\playwright_backend\\results\\comprehensive_task_5\\test_results_20251028_143920.json",
          "[2025-10-28T09:09:20.537253Z] [INFO] Results saved to: C:\\Users\\lvg\\CODES\\Project-Validator\\Flask-app-validator\\playwright_backend\\results\\comprehensive_task_6\\test_results_20251028_143920.json",
          "[2025-10-28T10:30:12.775060Z] [ERROR] Error during custom task test execution: [WinError 183] Cannot create a file when that file already exists: 'initial_task_1.png' -> 'C:\\\\Users\\\\lvg\\\\CODES\\\\Project-Validator\\\\Flask-app-validator\\\\playwright_backend\\\\results\\\\comprehensive_task_1\\\\screenshots\\\\screenshot_0.png'",
          "[2025-10-28T10:31:14.571233Z] [ERROR] Error during custom task test execution: [WinError 183] Cannot create a file when that file already exists: 'initial_task_2.png' -> 'C:\\\\Users\\\\lvg\\\\CODES\\\\Project-Validator\\\\Flask-app-validator\\\\playwright_backend\\\\results\\\\comprehensive_task_2\\\\screenshots\\\\screenshot_0.png'",
          "[2025-10-28T10:32:13.382151Z] [ERROR] Error during custom task test execution: [WinError 183] Cannot create a file when that file already exists: 'initial_task_4.png' -> 'C:\\\\Users\\\\lvg\\\\CODES\\\\Project-Validator\\\\Flask-app-validator\\\\playwright_backend\\\\results\\\\comprehensive_task_4\\\\screenshots\\\\screenshot_0.png'",
          "[2025-10-28T10:33:14.493145Z] [ERROR] Error during custom task test execution: [WinError 183] Cannot create a file when that file already exists: 'initial_task_3.png' -> 'C:\\\\Users\\\\lvg\\\\CODES\\\\Project-Validator\\\\Flask-app-validator\\\\playwright_backend\\\\results\\\\comprehensive_task_3\\\\screenshots\\\\screenshot_0.png'",
          "[2025-10-28T10:47:45.915256Z] [ERROR] Error during custom task test execution: [WinError 183] Cannot create a file when that file already exists: 'initial_task_1.png' -> 'C:\\\\Users\\\\lvg\\\\CODES\\\\Project-Validator\\\\Flask-app-validator\\\\playwright_backend\\\\results\\\\comprehensive_task_1\\\\screenshots\\\\screenshot_0.png'"
        ],
        "total_tests": 2,
        "passed_tests": 0,
        "failed_tests": 2,
        "execution_time": 0.7778737545013428
      },
      "screenshot_captured": true,
      "screenshot_path": "reference_task_1.png",
      "validation_results": [
        {
          "name": "Task 1",
          "status": "FAIL",
          "duration": 0.7768492698669434,
          "error": null,
          "screenshot": "reference_task_1.png"
        },
        {
          "name": "Task 1",
          "status": "FAIL",
          "duration": 0.7778632640838623,
          "error": "[WinError 183] Cannot create a file when that file already exists: 'initial_task_1.png' -> 'C:\\\\Users\\\\lvg\\\\CODES\\\\Project-Validator\\\\Flask-app-validator\\\\playwright_backend\\\\results\\\\comprehensive_task_1\\\\screenshots\\\\screenshot_0.png'",
          "screenshot": null
        }
      ],
      "playwright_logs": [
        "[2025-10-28T09:09:07.357500Z] [INFO] Playwright initialized successfully",
        "[2025-10-28T09:09:08.969709Z] [INFO] Browser launched successfully",
        "[2025-10-28T09:09:10.567098Z] [ERROR] Error during custom task test execution: [WinError 183] Cannot create a file when that file already exists: 'initial_task_1.png' -> 'C:\\\\Users\\\\lvg\\\\CODES\\\\Project-Validator\\\\Flask-app-validator\\\\playwright_backend\\\\results\\\\comprehensive_task_1\\\\screenshots\\\\screenshot_0.png'",
        "[2025-10-28T09:09:11.712021Z] [ERROR] Error during custom task test execution: [WinError 183] Cannot create a file when that file already exists: 'initial_task_2.png' -> 'C:\\\\Users\\\\lvg\\\\CODES\\\\Project-Validator\\\\Flask-app-validator\\\\playwright_backend\\\\results\\\\comprehensive_task_2\\\\screenshots\\\\screenshot_0.png'",
        "[2025-10-28T09:09:15.238341Z] [ERROR] Error during custom task test execution: [WinError 183] Cannot create a file when that file already exists: 'initial_task_3.png' -> 'C:\\\\Users\\\\lvg\\\\CODES\\\\Project-Validator\\\\Flask-app-validator\\\\playwright_backend\\\\results\\\\comprehensive_task_3\\\\screenshots\\\\screenshot_0.png'",
        "[2025-10-28T09:09:19.834978Z] [ERROR] Error during custom task test execution: [WinError 183] Cannot create a file when that file already exists: 'initial_task_4.png' -> 'C:\\\\Users\\\\lvg\\\\CODES\\\\Project-Validator\\\\Flask-app-validator\\\\playwright_backend\\\\results\\\\comprehensive_task_4\\\\screenshots\\\\screenshot_0.png'",
        "[2025-10-28T09:09:20.188471Z] [INFO] Results saved to: C:\\Users\\lvg\\CODES\\Project-Validator\\Flask-app-validator\\playwright_backend\\results\\comprehensive_task_5\\test_results_20251028_143920.json",
        "[2025-10-28T09:09:20.537253Z] [INFO] Results saved to: C:\\Users\\lvg\\CODES\\Project-Validator\\Flask-app-validator\\playwright_backend\\results\\comprehensive_task_6\\test_results_20251028_143920.json",
        "[2025-10-28T10:30:12.775060Z] [ERROR] Error during custom task test execution: [WinError 183] Cannot create a file when that file already exists: 'initial_task_1.png' -> 'C:\\\\Users\\\\lvg\\\\CODES\\\\Project-Validator\\\\Flask-app-validator\\\\playwright_backend\\\\results\\\\comprehensive_task_1\\\\screenshots\\\\screenshot_0.png'",
        "[2025-10-28T10:31:14.571233Z] [ERROR] Error during custom task test execution: [WinError 183] Cannot create a file when that file already exists: 'initial_task_2.png' -> 'C:\\\\Users\\\\lvg\\\\CODES\\\\Project-Validator\\\\Flask-app-validator\\\\playwright_backend\\\\results\\\\comprehensive_task_2\\\\screenshots\\\\screenshot_0.png'",
        "[2025-10-28T10:32:13.382151Z] [ERROR] Error during custom task test execution: [WinError 183] Cannot create a file when that file already exists: 'initial_task_4.png' -> 'C:\\\\Users\\\\lvg\\\\CODES\\\\Project-Validator\\\\Flask-app-validator\\\\playwright_backend\\\\results\\\\comprehensive_task_4\\\\screenshots\\\\screenshot_0.png'",
        "[2025-10-28T10:33:14.493145Z] [ERROR] Error during custom task test execution: [WinError 183] Cannot create a file when that file already exists: 'initial_task_3.png' -> 'C:\\\\Users\\\\lvg\\\\CODES\\\\Project-Validator\\\\Flask-app-validator\\\\playwright_backend\\\\results\\\\comprehensive_task_3\\\\screenshots\\\\screenshot_0.png'",
        "[2025-10-28T10:47:45.915256Z] [ERROR] Error during custom task test execution: [WinError 183] Cannot create a file when that file already exists: 'initial_task_1.png' -> 'C:\\\\Users\\\\lvg\\\\CODES\\\\Project-Validator\\\\Flask-app-validator\\\\playwright_backend\\\\results\\\\comprehensive_task_1\\\\screenshots\\\\screenshot_0.png'"
      ],
      "errors": []
    },
    {
      "task_id": 2,
      "task_name": "Home Page and Add Task Form",
      "task_description": "Build the main home page (`index.html`) to display your todo list and include a form for adding new tasks. Implement the `/` route in `app.py` to render this page and the `/add` route to handle new task submissions, storing tasks (initially in memory or a simple list).",
      "analysis_timestamp": "2025-10-28 16:17:45",
      "configuration_analysis": {
        "required_files": [
          "app.py",
          "templates/index.html"
        ],
        "validation_rules": {
          "type": "html",
          "points": 15,
          "rules": [
            {
              "type": "html",
              "file": "templates/index.html",
              "mustHaveElements": [
                "h1",
                "form",
                "input",
                "input"
              ],
              "mustHaveContent": [
                "Todo List",
                "Add Task",
                "Enter a new task...",
                "Incomplete Tasks",
                "Completed Tasks"
              ],
              "points": 10
            },
            {
              "type": "runtime",
              "routes": [
                "/",
                "/add"
              ],
              "points": 5
            }
          ]
        },
        "playwright_test": {
          "route": "/",
          "actions": [
            {
              "selector_type": "name",
              "selector_value": "todoitem",
              "input_variants": [
                ""
              ]
            },
            {
              "selector_type": "type",
              "selector_value": "submit",
              "click": true
            },
            {
              "selector_type": "name",
              "selector_value": "todoitem",
              "input_variants": [
                "Buy groceries"
              ]
            },
            {
              "selector_type": "type",
              "selector_value": "submit",
              "click": true
            }
          ],
          "validate": [
            {
              "type": "status_code",
              "value": "200"
            },
            {
              "type": "text_present",
              "value": "Todo List"
            },
            {
              "type": "text_present",
              "value": "Enter a new task..."
            },
            {
              "type": "text_present",
              "value": "Buy groceries"
            },
            {
              "type": "url_redirect",
              "value": "/"
            }
          ],
          "points": 15
        },
        "unlock_condition": {
          "min_score": 10,
          "required_tasks": [
            1
          ]
        },
        "completeness_score": 80,
        "issues": [
          "Validation file not specified"
        ],
        "recommendations": []
      },
      "test_status": "ERROR",
      "test_message": "HTTPConnectionPool(host='127.0.0.1', port=8001): Read timed out. (read timeout=60)",
      "test_details": {},
      "screenshot_captured": false,
      "screenshot_path": null,
      "validation_results": [],
      "playwright_logs": [],
      "errors": [
        "HTTPConnectionPool(host='127.0.0.1', port=8001): Read timed out. (read timeout=60)"
      ]
    },
    {
      "task_id": 3,
      "task_name": "Task Management: Complete and Delete",
      "task_description": "Implement the functionality in `app.py` to mark tasks as complete and to delete tasks. Create Flask routes for `/complete/<id>` and `/delete/<id>` that update the task status or remove tasks from your list, reflecting changes on the home page.",
      "analysis_timestamp": "2025-10-28 16:18:45",
      "configuration_analysis": {
        "required_files": [
          "app.py"
        ],
        "validation_rules": {
          "type": "html",
          "routes": [
            "/complete/<id>",
            "/delete/<id>"
          ],
          "points": 10
        },
        "playwright_test": {
          "route": "/",
          "actions": [
            {
              "selector_type": "name",
              "selector_value": "todoitem",
              "input_variants": [
                "Task to complete"
              ]
            },
            {
              "selector_type": "type",
              "selector_value": "submit",
              "click": true
            },
            {
              "selector_type": "class",
              "selector_value": "complete-btn",
              "click": true
            },
            {
              "selector_type": "name",
              "selector_value": "todoitem",
              "input_variants": [
                "Task to delete"
              ]
            },
            {
              "selector_type": "type",
              "selector_value": "submit",
              "click": true
            },
            {
              "selector_type": "class",
              "selector_value": "delete-btn",
              "click": true
            }
          ],
          "validate": [
            {
              "type": "status_code",
              "value": "200"
            },
            {
              "type": "url_redirect",
              "value": "/"
            },
            {
              "type": "text_present",
              "value": "Task to complete"
            },
            {
              "type": "text_present",
              "value": "Task to complete"
            },
            {
              "type": "text_present",
              "value": "Task to delete"
            }
          ],
          "points": 20
        },
        "unlock_condition": {
          "min_score": 12,
          "required_tasks": [
            1,
            2
          ]
        },
        "completeness_score": 80,
        "issues": [
          "Validation file not specified"
        ],
        "recommendations": []
      },
      "test_status": "ERROR",
      "test_message": "HTTPConnectionPool(host='127.0.0.1', port=8001): Read timed out. (read timeout=60)",
      "test_details": {},
      "screenshot_captured": false,
      "screenshot_path": null,
      "validation_results": [],
      "playwright_logs": [],
      "errors": [
        "HTTPConnectionPool(host='127.0.0.1', port=8001): Read timed out. (read timeout=60)"
      ]
    },
    {
      "task_id": 4,
      "task_name": "About and Contact Pages",
      "task_description": "Create two additional static pages: 'About Us' (`about.html`) and 'Contact Us' (`contact.html`). Design their respective HTML templates and set up Flask routes (`/about` and `/contact`) in `app.py` to render these pages.",
      "analysis_timestamp": "2025-10-28 16:19:45",
      "configuration_analysis": {
        "required_files": [
          "app.py",
          "templates/about.html",
          "templates/contact.html"
        ],
        "validation_rules": {
          "type": "html",
          "points": 15,
          "rules": [
            {
              "type": "html",
              "file": "templates/about.html",
              "mustHaveElements": [
                "h1"
              ],
              "mustHaveContent": [
                "About"
              ],
              "points": 5
            },
            {
              "type": "html",
              "file": "templates/contact.html",
              "mustHaveElements": [
                "h1"
              ],
              "mustHaveContent": [
                "Contact"
              ],
              "points": 5
            },
            {
              "type": "runtime",
              "routes": [
                "/about",
                "/contact"
              ],
              "points": 5
            }
          ]
        },
        "playwright_test": {
          "route": "/",
          "actions": [
            "{'navigate': '/about'}",
            "{'navigate': '/contact'}"
          ],
          "validate": [
            {
              "type": "status_code",
              "value": "200"
            },
            {
              "type": "text_present",
              "value": "About"
            },
            {
              "type": "text_present",
              "value": "Contact"
            }
          ],
          "points": 5
        },
        "unlock_condition": {
          "min_score": 15,
          "required_tasks": [
            1,
            2,
            3
          ]
        },
        "completeness_score": 80,
        "issues": [
          "Validation file not specified"
        ],
        "recommendations": []
      },
      "test_status": "FAIL",
      "test_message": "Comprehensive test: 0/2 passed",
      "test_details": {
        "status": "completed",
        "results": [
          {
            "name": "Task 4",
            "status": "FAIL",
            "duration": 0.5918893814086914,
            "error": null,
            "screenshot": "reference_task_4.png"
          },
          {
            "name": "Task 4",
            "status": "FAIL",
            "duration": 0.5925333499908447,
            "error": "[WinError 183] Cannot create a file when that file already exists: 'initial_task_4.png' -> 'C:\\\\Users\\\\lvg\\\\CODES\\\\Project-Validator\\\\Flask-app-validator\\\\playwright_backend\\\\results\\\\comprehensive_task_4\\\\screenshots\\\\screenshot_0.png'",
            "screenshot": null
          }
        ],
        "screenshots": [
          "reference_task_4.png"
        ],
        "logs": [
          "[2025-10-28T09:09:07.357500Z] [INFO] Playwright initialized successfully",
          "[2025-10-28T09:09:08.969709Z] [INFO] Browser launched successfully",
          "[2025-10-28T09:09:10.567098Z] [ERROR] Error during custom task test execution: [WinError 183] Cannot create a file when that file already exists: 'initial_task_1.png' -> 'C:\\\\Users\\\\lvg\\\\CODES\\\\Project-Validator\\\\Flask-app-validator\\\\playwright_backend\\\\results\\\\comprehensive_task_1\\\\screenshots\\\\screenshot_0.png'",
          "[2025-10-28T09:09:11.712021Z] [ERROR] Error during custom task test execution: [WinError 183] Cannot create a file when that file already exists: 'initial_task_2.png' -> 'C:\\\\Users\\\\lvg\\\\CODES\\\\Project-Validator\\\\Flask-app-validator\\\\playwright_backend\\\\results\\\\comprehensive_task_2\\\\screenshots\\\\screenshot_0.png'",
          "[2025-10-28T09:09:15.238341Z] [ERROR] Error during custom task test execution: [WinError 183] Cannot create a file when that file already exists: 'initial_task_3.png' -> 'C:\\\\Users\\\\lvg\\\\CODES\\\\Project-Validator\\\\Flask-app-validator\\\\playwright_backend\\\\results\\\\comprehensive_task_3\\\\screenshots\\\\screenshot_0.png'",
          "[2025-10-28T09:09:19.834978Z] [ERROR] Error during custom task test execution: [WinError 183] Cannot create a file when that file already exists: 'initial_task_4.png' -> 'C:\\\\Users\\\\lvg\\\\CODES\\\\Project-Validator\\\\Flask-app-validator\\\\playwright_backend\\\\results\\\\comprehensive_task_4\\\\screenshots\\\\screenshot_0.png'",
          "[2025-10-28T09:09:20.188471Z] [INFO] Results saved to: C:\\Users\\lvg\\CODES\\Project-Validator\\Flask-app-validator\\playwright_backend\\results\\comprehensive_task_5\\test_results_20251028_143920.json",
          "[2025-10-28T09:09:20.537253Z] [INFO] Results saved to: C:\\Users\\lvg\\CODES\\Project-Validator\\Flask-app-validator\\playwright_backend\\results\\comprehensive_task_6\\test_results_20251028_143920.json",
          "[2025-10-28T10:30:12.775060Z] [ERROR] Error during custom task test execution: [WinError 183] Cannot create a file when that file already exists: 'initial_task_1.png' -> 'C:\\\\Users\\\\lvg\\\\CODES\\\\Project-Validator\\\\Flask-app-validator\\\\playwright_backend\\\\results\\\\comprehensive_task_1\\\\screenshots\\\\screenshot_0.png'",
          "[2025-10-28T10:31:14.571233Z] [ERROR] Error during custom task test execution: [WinError 183] Cannot create a file when that file already exists: 'initial_task_2.png' -> 'C:\\\\Users\\\\lvg\\\\CODES\\\\Project-Validator\\\\Flask-app-validator\\\\playwright_backend\\\\results\\\\comprehensive_task_2\\\\screenshots\\\\screenshot_0.png'",
          "[2025-10-28T10:32:13.382151Z] [ERROR] Error during custom task test execution: [WinError 183] Cannot create a file when that file already exists: 'initial_task_4.png' -> 'C:\\\\Users\\\\lvg\\\\CODES\\\\Project-Validator\\\\Flask-app-validator\\\\playwright_backend\\\\results\\\\comprehensive_task_4\\\\screenshots\\\\screenshot_0.png'",
          "[2025-10-28T10:33:14.493145Z] [ERROR] Error during custom task test execution: [WinError 183] Cannot create a file when that file already exists: 'initial_task_3.png' -> 'C:\\\\Users\\\\lvg\\\\CODES\\\\Project-Validator\\\\Flask-app-validator\\\\playwright_backend\\\\results\\\\comprehensive_task_3\\\\screenshots\\\\screenshot_0.png'",
          "[2025-10-28T10:47:45.915256Z] [ERROR] Error during custom task test execution: [WinError 183] Cannot create a file when that file already exists: 'initial_task_1.png' -> 'C:\\\\Users\\\\lvg\\\\CODES\\\\Project-Validator\\\\Flask-app-validator\\\\playwright_backend\\\\results\\\\comprehensive_task_1\\\\screenshots\\\\screenshot_0.png'",
          "[2025-10-28T10:48:47.694300Z] [ERROR] Error during custom task test execution: [WinError 183] Cannot create a file when that file already exists: 'initial_task_2.png' -> 'C:\\\\Users\\\\lvg\\\\CODES\\\\Project-Validator\\\\Flask-app-validator\\\\playwright_backend\\\\results\\\\comprehensive_task_2\\\\screenshots\\\\screenshot_0.png'",
          "[2025-10-28T10:49:46.539202Z] [ERROR] Error during custom task test execution: [WinError 183] Cannot create a file when that file already exists: 'initial_task_4.png' -> 'C:\\\\Users\\\\lvg\\\\CODES\\\\Project-Validator\\\\Flask-app-validator\\\\playwright_backend\\\\results\\\\comprehensive_task_4\\\\screenshots\\\\screenshot_0.png'"
        ],
        "total_tests": 2,
        "passed_tests": 0,
        "failed_tests": 2,
        "execution_time": 0.5925414562225342
      },
      "screenshot_captured": true,
      "screenshot_path": "reference_task_4.png",
      "validation_results": [
        {
          "name": "Task 4",
          "status": "FAIL",
          "duration": 0.5918893814086914,
          "error": null,
          "screenshot": "reference_task_4.png"
        },
        {
          "name": "Task 4",
          "status": "FAIL",
          "duration": 0.5925333499908447,
          "error": "[WinError 183] Cannot create a file when that file already exists: 'initial_task_4.png' -> 'C:\\\\Users\\\\lvg\\\\CODES\\\\Project-Validator\\\\Flask-app-validator\\\\playwright_backend\\\\results\\\\comprehensive_task_4\\\\screenshots\\\\screenshot_0.png'",
          "screenshot": null
        }
      ],
      "playwright_logs": [
        "[2025-10-28T09:09:07.357500Z] [INFO] Playwright initialized successfully",
        "[2025-10-28T09:09:08.969709Z] [INFO] Browser launched successfully",
        "[2025-10-28T09:09:10.567098Z] [ERROR] Error during custom task test execution: [WinError 183] Cannot create a file when that file already exists: 'initial_task_1.png' -> 'C:\\\\Users\\\\lvg\\\\CODES\\\\Project-Validator\\\\Flask-app-validator\\\\playwright_backend\\\\results\\\\comprehensive_task_1\\\\screenshots\\\\screenshot_0.png'",
        "[2025-10-28T09:09:11.712021Z] [ERROR] Error during custom task test execution: [WinError 183] Cannot create a file when that file already exists: 'initial_task_2.png' -> 'C:\\\\Users\\\\lvg\\\\CODES\\\\Project-Validator\\\\Flask-app-validator\\\\playwright_backend\\\\results\\\\comprehensive_task_2\\\\screenshots\\\\screenshot_0.png'",
        "[2025-10-28T09:09:15.238341Z] [ERROR] Error during custom task test execution: [WinError 183] Cannot create a file when that file already exists: 'initial_task_3.png' -> 'C:\\\\Users\\\\lvg\\\\CODES\\\\Project-Validator\\\\Flask-app-validator\\\\playwright_backend\\\\results\\\\comprehensive_task_3\\\\screenshots\\\\screenshot_0.png'",
        "[2025-10-28T09:09:19.834978Z] [ERROR] Error during custom task test execution: [WinError 183] Cannot create a file when that file already exists: 'initial_task_4.png' -> 'C:\\\\Users\\\\lvg\\\\CODES\\\\Project-Validator\\\\Flask-app-validator\\\\playwright_backend\\\\results\\\\comprehensive_task_4\\\\screenshots\\\\screenshot_0.png'",
        "[2025-10-28T09:09:20.188471Z] [INFO] Results saved to: C:\\Users\\lvg\\CODES\\Project-Validator\\Flask-app-validator\\playwright_backend\\results\\comprehensive_task_5\\test_results_20251028_143920.json",
        "[2025-10-28T09:09:20.537253Z] [INFO] Results saved to: C:\\Users\\lvg\\CODES\\Project-Validator\\Flask-app-validator\\playwright_backend\\results\\comprehensive_task_6\\test_results_20251028_143920.json",
        "[2025-10-28T10:30:12.775060Z] [ERROR] Error during custom task test execution: [WinError 183] Cannot create a file when that file already exists: 'initial_task_1.png' -> 'C:\\\\Users\\\\lvg\\\\CODES\\\\Project-Validator\\\\Flask-app-validator\\\\playwright_backend\\\\results\\\\comprehensive_task_1\\\\screenshots\\\\screenshot_0.png'",
        "[2025-10-28T10:31:14.571233Z] [ERROR] Error during custom task test execution: [WinError 183] Cannot create a file when that file already exists: 'initial_task_2.png' -> 'C:\\\\Users\\\\lvg\\\\CODES\\\\Project-Validator\\\\Flask-app-validator\\\\playwright_backend\\\\results\\\\comprehensive_task_2\\\\screenshots\\\\screenshot_0.png'",
        "[2025-10-28T10:32:13.382151Z] [ERROR] Error during custom task test execution: [WinError 183] Cannot create a file when that file already exists: 'initial_task_4.png' -> 'C:\\\\Users\\\\lvg\\\\CODES\\\\Project-Validator\\\\Flask-app-validator\\\\playwright_backend\\\\results\\\\comprehensive_task_4\\\\screenshots\\\\screenshot_0.png'",
        "[2025-10-28T10:33:14.493145Z] [ERROR] Error during custom task test execution: [WinError 183] Cannot create a file when that file already exists: 'initial_task_3.png' -> 'C:\\\\Users\\\\lvg\\\\CODES\\\\Project-Validator\\\\Flask-app-validator\\\\playwright_backend\\\\results\\\\comprehensive_task_3\\\\screenshots\\\\screenshot_0.png'",
        "[2025-10-28T10:47:45.915256Z] [ERROR] Error during custom task test execution: [WinError 183] Cannot create a file when that file already exists: 'initial_task_1.png' -> 'C:\\\\Users\\\\lvg\\\\CODES\\\\Project-Validator\\\\Flask-app-validator\\\\playwright_backend\\\\results\\\\comprehensive_task_1\\\\screenshots\\\\screenshot_0.png'",
        "[2025-10-28T10:48:47.694300Z] [ERROR] Error during custom task test execution: [WinError 183] Cannot create a file when that file already exists: 'initial_task_2.png' -> 'C:\\\\Users\\\\lvg\\\\CODES\\\\Project-Validator\\\\Flask-app-validator\\\\playwright_backend\\\\results\\\\comprehensive_task_2\\\\screenshots\\\\screenshot_0.png'",
        "[2025-10-28T10:49:46.539202Z] [ERROR] Error during custom task test execution: [WinError 183] Cannot create a file when that file already exists: 'initial_task_4.png' -> 'C:\\\\Users\\\\lvg\\\\CODES\\\\Project-Validator\\\\Flask-app-validator\\\\playwright_backend\\\\results\\\\comprehensive_task_4\\\\screenshots\\\\screenshot_0.png'"
      ],
      "errors": []
    }
  ],
  "summary": {
    "total_tests": 4,
    "passed_tests": 0,
    "failed_tests": 2,
    "screenshots_captured": 2,
    "errors": []
  }
}