{
  "project": "Simple Flask Web App",
  "description": "A basic Flask application with home, about, and contact pages, demonstrating core Flask features like routing, templating, and form handling.",
  "tasks": [
    {
      "id": 1,
      "name": "Project Setup and Basic App Structure",
      "description": "Set up your Flask project with the basic file structure, including `app.py`, `templates` folder, `static` folder, and `requirements.txt`. Create a simple Flask application instance in `app.py` and define a basic root route ('/') that renders a placeholder response or template.",
      "required_files": [
        "app.py",
        "templates/",
        "static/",
        "requirements.txt"
      ],
      "validation_rules": {
        "type": "html",
        "points": 10,
        "checks": [
          "app.py exists",
          "templates/ directory exists",
          "static/ directory exists",
          "requirements.txt exists"
        ]
      },
      "playwright_test": {
        "route": "/",
        "actions": [],
        "validate": [
          {
            "type": "status_code",
            "value": "200"
          }
        ],
        "points": 5
      },
      "unlock_condition": {
        "min_score": 0,
        "required_tasks": []
      }
    },
    {
      "id": 2,
      "name": "Base Layout and Home Page",
      "description": "Create the `base.html` template to define the common layout, including a Bootstrap-powered navigation bar, flash message area, and footer. Then, create the `index.html` template that extends `base.html` and displays a welcome message, setting up the main entry point of your web application.",
      "required_files": [
        "app.py",
        "templates/base.html",
        "templates/index.html"
      ],
      "validation_rules": {
        "type": "html",
        "file": "templates/base.html",
        "mustHaveElements": [
          "nav",
          "footer",
          "div.container",
          "link[href*='bootstrap.min.css']",
          "script[src*='bootstrap.bundle.min.js']"
        ],
        "mustHaveContent": [
          "Simple Flask App",
          "Home",
          "About",
          "Contact",
          "&copy; 2024 Simple Flask App"
        ],
        "points": 10
      },
      "playwright_test": {
        "route": "/",
        "actions": [],
        "validate": [
          {
            "type": "status_code",
            "value": "200"
          },
          {
            "type": "text_present",
            "value": "Simple Flask App"
          },
          {
            "type": "text_present",
            "value": "Home"
          }
        ],
        "points": 10
      },
      "unlock_condition": {
        "min_score": 6,
        "required_tasks": [
          1
        ]
      }
    },
    {
      "id": 3,
      "name": "About Page",
      "description": "Develop the 'About' page (`about.html`) that extends `base.html`. This page should provide information about the project, including technologies used and features, creating a dedicated section for project details as outlined in the provided HTML sample.",
      "required_files": [
        "app.py",
        "templates/about.html"
      ],
      "validation_rules": {
        "type": "html",
        "file": "templates/about.html",
        "mustHaveElements": [
          "h1",
          "h3",
          "ul",
          "div.card"
        ],
        "mustHaveContent": [
          "{% extends \"base.html\" %}",
          "About This Project",
          "Technologies Used",
          "Features",
          "Version:",
          "Created:"
        ],
        "points": 10
      },
      "playwright_test": {
        "route": "/about",
        "actions": [],
        "validate": [
          {
            "type": "status_code",
            "value": "200"
          },
          {
            "type": "text_present",
            "value": "About - Simple Flask App"
          },
          {
            "type": "text_present",
            "value": "About This Project"
          },
          {
            "type": "text_present",
            "value": "Flask - Python web framework"
          }
        ],
        "points": 10
      },
      "unlock_condition": {
        "min_score": 10,
        "required_tasks": [
          1,
          2
        ]
      }
    },
    {
      "id": 4,
      "name": "Contact Page with Form Handling",
      "description": "Build the 'Contact Us' page (`contact.html`) with a form that includes 'Name', 'Email', and 'Message' fields. Implement the corresponding Flask route in `app.py` to handle both GET (display form) and POST (process form submission) requests. On successful submission, display a flash message like 'Thank you for your message!' and on failure (e.g., missing fields), display an error message using Flask's flash messaging system.",
      "required_files": [
        "app.py",
        "templates/contact.html"
      ],
      "validation_rules": {
        "type": "html",
        "file": "templates/contact.html",
        "mustHaveElements": [
          "form[method='POST']",
          "input[name='name']",
          "input[name='email']",
          "textarea[name='message']",
          "button[type='submit']"
        ],
        "mustHaveContent": [
          "{% extends \"base.html\" %}",
          "Contact Us",
          "Name",
          "Email",
          "Message",
          "Send Message"
        ],
        "points": 15
      },
      "playwright_test": {
        "route": "/contact",
        "actions": [
          {
            "selector_type": "name",
            "selector_value": "name",
            "input_variants": [
              "Test User"
            ]
          },
          {
            "selector_type": "name",
            "selector_value": "email",
            "input_variants": [
              "test@example.com"
            ]
          },
          {
            "selector_type": "name",
            "selector_value": "message",
            "input_variants": [
              "Hello",
              "this is a test message."
            ]
          },
          {
            "selector_type": "type",
            "selector_value": "submit",
            "click": true
          },
          {
            "selector_type": "name",
            "selector_value": "name",
            "input_variants": [
              ""
            ]
          },
          {
            "selector_type": "name",
            "selector_value": "email",
            "input_variants": [
              "invalid-email"
            ]
          },
          {
            "selector_type": "name",
            "selector_value": "message",
            "input_variants": [
              ""
            ]
          },
          {
            "selector_type": "type",
            "selector_value": "submit",
            "click": true
          }
        ],
        "validate": [
          {
            "type": "status_code",
            "value": "200"
          },
          {
            "type": "text_present",
            "value": "Thank you for your message!"
          },
          {
            "type": "text_present",
            "value": "Name is required."
          },
          {
            "type": "text_present",
            "value": "Email is required."
          },
          {
            "type": "text_present",
            "value": "Message is required."
          }
        ],
        "points": 20
      },
      "unlock_condition": {
        "min_score": 17,
        "required_tasks": [
          1,
          2,
          3
        ]
      }
    }
  ],
  "generation_context": "Generated without user context"
}